A6NCE7,Q9NT62,MAP1LC3B2,ATG3,1,1,0,,1,1,0,
A6NCE7,Q9H0Y0,MAP1LC3B2,ATG10,1,1,0,,1,1,0,
O75143,Q8TDY2,ATG13,RB1CC1,1,1,0,,1,1,0,
O75143,Q9BSB4,ATG13,ATG101,1,1,0,,1,1,0,
O75385,P54646,ULK1,PRKAA2,1,1,0,,1,0,1,
O94817,Q9H1Y0,ATG12,ATG5,1,1,0,,1,1,0,
O94817,Q9NT62,ATG12,ATG3,1,1,0,,1,1,0,
O95166,Q9BXW4,GABARAP,MAP1LC3C,1,1,0,20562859,1,1,0,
O95166,Q9H0R8,GABARAP,GABARAPL1,1,1,0,20562859,1,1,0,
O95166,O94817,GABARAP,ATG12,1,1,0,,1,1,0,
O95166,Q9Y4P1,GABARAP,ATG4B,1,1,0,,1,1,0,
O95166,O95352,GABARAP,ATG7,1,1,0,,1,1,0,
O95166,Q9NT62,GABARAP,ATG3,1,1,0,,1,1,0,
O95166,Q9GZQ8,GABARAP,MAP1LC3B,1,1,0,,1,1,0,
O95352,Q9BXW4,ATG7,MAP1LC3C,1,1,0,20562859,1,1,0,
O95352,Q9H0R8,ATG7,GABARAPL1,1,1,0,20562859,1,1,0,
O95352,Q9H492,ATG7,MAP1LC3A,1,1,0,20562859,1,1,0,
O95352,O00443,ATG7,PIK3C2A,1,1,0,,1,0,1,
O95352,Q9NT62,ATG7,ATG3,1,1,0,,1,1,0,
O95352,Q9H0Y0,ATG7,ATG10,1,1,0,,1,1,0,
O95352,Q9GZQ8,ATG7,MAP1LC3B,1,1,0,,1,1,0,
O95352,P60520,ATG7,GABARAPL2,1,1,0,,1,1,0,
O95352,O95166,ATG7,GABARAP,1,1,0,,1,1,0,
P60520,Q9BXW4,GABARAPL2,MAP1LC3C,1,1,0,20562859,1,1,0,
P60520,Q9H0R8,GABARAPL2,GABARAPL1,1,1,0,20562859,1,1,0,
P60520,Q9Y4P1,GABARAPL2,ATG4B,1,1,0,,1,1,0,
P60520,O95352,GABARAPL2,ATG7,1,1,0,,1,1,0,
P60520,Q9NT62,GABARAPL2,ATG3,1,1,0,,1,1,0,
P60520,O75385,GABARAPL2,ULK1,1,1,0,,1,1,0,
P60520,O95166,GABARAPL2,GABARAP,1,1,0,,1,1,0,
Q13501,Q9H0R8,SQSTM1,GABARAPL1,1,1,0,17580304:20562859:19250911:16189514:23022382,1,1,0,
Q13501,Q9H492,SQSTM1,MAP1LC3A,1,1,0,16286508:17580304:20562859:23022382:19250911,1,1,0,
Q13501,Q9GZQ8,SQSTM1,MAP1LC3B,1,1,0,,1,1,0,
Q13501,P60520,SQSTM1,GABARAPL2,1,1,0,,1,1,0,
Q13501,O95166,SQSTM1,GABARAP,1,1,0,,1,1,0,
Q14457,Q8NEB9,BECN1,PIK3C3,1,1,0,,1,1,0,
Q14457,Q9P2Y5,BECN1,UVRAG,1,1,0,,1,1,0,
Q2TAZ0,Q9H0R8,ATG2A,GABARAPL1,1,1,0,20562859,1,1,0,
Q2TAZ0,Q9Y484,ATG2A,WDR45,1,1,0,,1,0,1,
Q2TAZ0,Q5MNZ9,ATG2A,WIPI1,1,1,0,,1,1,0,
Q676U5,Q9BXW4,ATG16L1,MAP1LC3C,1,1,0,20562859,1,1,0,
Q676U5,Q9H1Y0,ATG16L1,ATG5,1,1,0,,1,1,0,
Q676U5,O94817,ATG16L1,ATG12,1,1,0,,1,1,0,
Q676U5,Q9NT62,ATG16L1,ATG3,1,1,0,,1,1,0,
Q676U5,Q9GZQ8,ATG16L1,MAP1LC3B,1,1,0,,1,1,0,
Q6ZNE5,Q8NEB9,ATG14,PIK3C3,1,1,0,,1,1,0,
Q6ZNE5,B4DS82,ATG14,B4DS82,1,1,0,,1,0,1,
Q7Z6L1,Q9H1Y0,TECPR1,ATG5,1,1,0,,1,1,0,
Q7Z6L1,O94817,TECPR1,ATG12,1,1,0,,1,1,0,
Q7Z6L1,Q9NT62,TECPR1,ATG3,1,1,0,,1,1,0,
Q8NEB9,Q9BXW4,PIK3C3,MAP1LC3C,1,1,0,20562859,1,1,0,
Q8NEB9,Q9P2Y5,PIK3C3,UVRAG,1,1,0,,1,1,0,
Q8NEB9,B4DS82,PIK3C3,B4DS82,1,1,0,,1,0,1,
Q8TDY2,Q9BXW4,RB1CC1,MAP1LC3C,1,1,0,20562859,1,1,0,
Q8TDY2,P54646,RB1CC1,PRKAA2,1,1,0,,1,0,1,
Q8TDY2,O75385,RB1CC1,ULK1,1,1,0,,1,1,0,
Q96BY7,Q2TAZ0,ATG2B,ATG2A,1,1,0,20562859,1,1,0,
Q96BY7,Q9Y484,ATG2B,WDR45,1,1,0,,1,0,1,
Q99570,Q9BXW4,PIK3R4,MAP1LC3C,1,1,0,,1,1,0,
Q99570,Q8NEB9,PIK3R4,PIK3C3,1,1,0,,1,1,0,
Q99570,Q9P2Y5,PIK3R4,UVRAG,1,1,0,,1,1,0,
Q99570,B4DS82,PIK3R4,B4DS82,1,1,0,,1,0,1,
Q9BQS8,Q9H492,FYCO1,MAP1LC3A,1,1,0,20562859,1,1,0,
Q9BQS8,Q9GZQ8,FYCO1,MAP1LC3B,1,1,0,,1,1,0,
Q9BSB4,Q8TDY2,ATG101,RB1CC1,1,1,0,,1,1,0,
Q9H1Y0,Q9BXW4,ATG5,MAP1LC3C,1,1,0,20562859,1,1,0,
Q9NT62,Q9BXW4,ATG3,MAP1LC3C,1,1,0,20562859,1,1,0,
Q9BXW4,Q99570,MAP1LC3C,PIK3R4,1,1,0,,1,1,0,
Q9BXW4,Q676U5,MAP1LC3C,ATG16L1,1,1,0,,1,1,0,
Q9BXW4,Q8NEB9,MAP1LC3C,PIK3C3,1,1,0,,1,1,0,
Q9BXW4,Q9H1Y0,MAP1LC3C,ATG5,1,1,0,,1,1,0,
Q9BXW4,P51784,MAP1LC3C,USP11,1,1,0,,1,0,1,
Q9BXW4,O95352,MAP1LC3C,ATG7,1,1,0,,1,1,0,
Q9BXW4,Q9NT62,MAP1LC3C,ATG3,1,1,0,,1,1,0,
Q9BXW4,Q8TDY2,MAP1LC3C,RB1CC1,1,1,0,,1,1,0,
Q9BXW4,Q15459,MAP1LC3C,SF3A1,1,1,0,,1,0,1,
Q9BXW4,Q12800,MAP1LC3C,TFCP2,1,1,0,,1,0,1,
Q9BXW4,P60520,MAP1LC3C,GABARAPL2,1,1,0,,1,1,0,
Q9BXW4,O95166,MAP1LC3C,GABARAP,1,1,0,,1,1,0,
P51784,Q9BXW4,USP11,MAP1LC3C,1,1,0,20562859,0,1,1,
Q12800,Q9BXW4,TFCP2,MAP1LC3C,1,1,0,20562859,0,1,1,
Q15459,Q9BXW4,SF3A1,MAP1LC3C,1,1,0,20562859,0,1,1,
Q9C0C7,B4DS82,AMBRA1,B4DS82,1,1,0,,1,0,1,
Q9NT62,Q9H0R8,ATG3,GABARAPL1,1,1,0,20562859,1,1,0,
Q9Y4P1,Q9H0R8,ATG4B,GABARAPL1,1,1,0,20562859,1,1,0,
Q9H0R8,Q15334,GABARAPL1,LLGL1,1,1,0,,1,0,1,
Q9H0R8,P10644,GABARAPL1,PRKAR1A,1,1,0,,1,0,1,
Q9H0R8,Q9UPU7,GABARAPL1,TBC1D2B,1,1,0,,1,0,1,
Q9H0R8,B3KY50,GABARAPL1,B3KY50,1,1,0,,1,0,1,
Q9H0R8,B4DS80,GABARAPL1,B4DS80,1,1,0,,1,0,1,
Q9H0R8,P40939,GABARAPL1,HADHA,1,1,0,,1,0,1,
Q9H0R8,P55084,GABARAPL1,HADHB,1,1,0,,1,0,1,
Q9H0R8,P41743,GABARAPL1,PRKCI,1,1,0,,1,0,1,
Q9H0R8,Q9Y3P9,GABARAPL1,RABGAP1,1,1,0,,1,0,1,
Q9H0R8,P13807,GABARAPL1,GYS1,1,1,0,,1,0,1,
Q9H0R8,Q9Y4P1,GABARAPL1,ATG4B,1,1,0,,1,1,0,
Q9H0R8,O95352,GABARAPL1,ATG7,1,1,0,,1,1,0,
Q9H0R8,Q13501,GABARAPL1,SQSTM1,1,1,0,,1,1,0,
Q9H0R8,Q9BPW8,GABARAPL1,NIPSNAP1,1,1,0,,1,0,1,
Q9H0R8,Q9NT62,GABARAPL1,ATG3,1,1,0,,1,1,0,
Q9H0R8,Q92636,GABARAPL1,NSMAF,1,1,0,,1,0,1,
Q9H0R8,P48736,GABARAPL1,PIK3CG,1,1,0,,1,0,1,
Q9H0R8,Q86V97,GABARAPL1,KBTBD6,1,1,0,,1,0,1,
Q9H0R8,P46934,GABARAPL1,NEDD4,1,1,0,,1,0,1,
Q9H0R8,Q14677,GABARAPL1,CLINT1,1,1,0,,1,0,1,
Q9H0R8,P60520,GABARAPL1,GABARAPL2,1,1,0,,1,1,0,
Q9H0R8,O95166,GABARAPL1,GABARAP,1,1,0,,1,1,0,
Q9H0R8,Q13618,GABARAPL1,CUL3,1,1,0,,1,0,1,
Q9H0R8,O00410,GABARAPL1,IPO5,1,1,0,20562859,1,0,1,
Q9H0R8,O75323,GABARAPL1,GBAS,1,1,0,20562859,1,0,1,
Q9H0R8,O95210,GABARAPL1,STBD1,1,1,0,20562859,1,0,1,
P10644,Q9H0R8,PRKAR1A,GABARAPL1,1,1,0,20562859,0,1,1,
P13807,Q9H0R8,GYS1,GABARAPL1,1,1,0,20562859,0,1,1,
P40939,Q9H0R8,HADHA,GABARAPL1,1,1,0,20562859,0,1,1,
P41743,Q9H0R8,PRKCI,GABARAPL1,1,1,0,20562859,0,1,1,
P46934,Q9H0R8,NEDD4,GABARAPL1,1,1,0,20562859,0,1,1,
P48736,Q9H0R8,PIK3CG,GABARAPL1,1,1,0,20562859,0,1,1,
P55084,Q9H0R8,HADHB,GABARAPL1,1,1,0,20562859,0,1,1,
Q13618,Q9H0R8,CUL3,GABARAPL1,1,1,0,20562859,0,1,1,
Q9H0R8,Q14145,GABARAPL1,KEAP1,1,1,0,20562859,1,0,1,
Q14677,Q9H0R8,CLINT1,GABARAPL1,1,1,0,20562859,0,1,1,
Q15334,Q9H0R8,LLGL1,GABARAPL1,1,1,0,20562859,0,1,1,
Q86V97,Q9H0R8,KBTBD6,GABARAPL1,1,1,0,20562859,0,1,1,
Q8TD19,Q9H0R8,NEK9,GABARAPL1,1,1,0,20562859,0,1,1,
Q8WVZ9,Q9H0R8,KBTBD7,GABARAPL1,1,1,0,20562859,0,1,1,
Q9H0R8,Q8WXU2,GABARAPL1,DYX1C1,1,1,0,20562859,1,0,1,
Q92636,Q9H0R8,NSMAF,GABARAPL1,1,1,0,20562859,0,1,1,
Q9BPW8,Q9H0R8,NIPSNAP1,GABARAPL1,1,1,0,20562859,0,1,1,
Q9H0R8,Q9BZH6,GABARAPL1,WDR11,1,1,0,20562859,1,0,1,
Q9H0R8,Q9NX00,GABARAPL1,TMEM160,1,1,0,20562859,1,0,1,
Q9UPU7,Q9H0R8,TBC1D2B,GABARAPL1,1,1,0,20562859,0,1,1,
Q9Y3P9,Q9H0R8,RABGAP1,GABARAPL1,1,1,0,20562859,0,1,1,
Q9H1Y0,Q676U5,ATG5,ATG16L1,1,1,0,,1,1,0,
Q9H1Y0,O94817,ATG5,ATG12,1,1,0,,1,1,0,
Q9H1Y0,Q9NT62,ATG5,ATG3,1,1,0,,1,1,0,
Q9H1Y0,Q9GZQ8,ATG5,MAP1LC3B,1,1,0,,1,1,0,
Q9NT62,Q9H492,ATG3,MAP1LC3A,1,1,0,20562859:19838173,1,1,0,
Q9Y4P1,Q9H492,ATG4B,MAP1LC3A,1,1,0,20562859,1,1,0,
Q9H492,Q14151,MAP1LC3A,SAFB2,1,1,0,,1,0,1,
Q9H492,Q13043,MAP1LC3A,STK4,1,1,0,,1,0,1,
Q9H492,P46821,MAP1LC3A,MAP1B,1,1,0,,1,0,1,
Q9H492,Q15042,MAP1LC3A,RAB3GAP1,1,1,0,,1,0,1,
Q9H492,Q13188,MAP1LC3A,STK3,1,1,0,,1,0,1,
Q9H492,P40939,MAP1LC3A,HADHA,1,1,0,,1,0,1,
Q9H492,O00443,MAP1LC3A,PIK3C2A,1,1,0,,1,0,1,
Q9H492,P55084,MAP1LC3A,HADHB,1,1,0,,1,0,1,
Q9H492,P41743,MAP1LC3A,PRKCI,1,1,0,,1,0,1,
Q9H492,Q9BQS8,MAP1LC3A,FYCO1,1,1,0,,1,1,0,
Q9H492,Q8WUM4,MAP1LC3A,PDCD6IP,1,1,0,,1,0,1,
Q9H492,Q9Y4P1,MAP1LC3A,ATG4B,1,1,0,,1,1,0,
Q9H492,O95352,MAP1LC3A,ATG7,1,1,0,,1,1,0,
Q9H492,Q13501,MAP1LC3A,SQSTM1,1,1,0,,1,1,0,
Q15042,Q9H492,RAB3GAP1,MAP1LC3A,1,1,0,,0,1,1,
Q9H492,P09496,MAP1LC3A,CLTA,1,1,0,,1,0,1,
Q9H492,Q9BPW8,MAP1LC3A,NIPSNAP1,1,1,0,,1,0,1,
Q9H492,Q9NT62,MAP1LC3A,ATG3,1,1,0,,1,1,0,
Q9H492,Q92636,MAP1LC3A,NSMAF,1,1,0,,1,0,1,
Q9H492,P78559,MAP1LC3A,MAP1A,1,1,0,,1,0,1,
P09496,Q9H492,CLTA,MAP1LC3A,1,1,0,,0,1,1,
Q9H492,Q14677,MAP1LC3A,CLINT1,1,1,0,,1,0,1,
Q9H492,Q9GZQ8,MAP1LC3A,MAP1LC3B,1,1,0,,1,1,0,
O00443,Q9H492,PIK3C2A,MAP1LC3A,1,1,0,20562859,0,1,1,
Q9H492,O75323,MAP1LC3A,GBAS,1,1,0,20562859,1,0,1,
P40939,Q9H492,HADHA,MAP1LC3A,1,1,0,20562859,0,1,1,
P41743,Q9H492,PRKCI,MAP1LC3A,1,1,0,20562859,0,1,1,
P46821,Q9H492,MAP1B,MAP1LC3A,1,1,0,20562859,0,1,1,
P55084,Q9H492,HADHB,MAP1LC3A,1,1,0,20562859,0,1,1,
P78559,Q9H492,MAP1A,MAP1LC3A,1,1,0,20562859,0,1,1,
Q9H492,Q00610,MAP1LC3A,CLTC,1,1,0,20562859,1,0,1,
Q13043,Q9H492,STK4,MAP1LC3A,1,1,0,20562859,0,1,1,
Q13188,Q9H492,STK3,MAP1LC3A,1,1,0,20562859,0,1,1,
Q9H492,Q14145,MAP1LC3A,KEAP1,1,1,0,20562859,1,0,1,
Q14151,Q9H492,SAFB2,MAP1LC3A,1,1,0,20562859,0,1,1,
Q14677,Q9H492,CLINT1,MAP1LC3A,1,1,0,20562859,0,1,1,
Q8WUM4,Q9H492,PDCD6IP,MAP1LC3A,1,1,0,20562859,0,1,1,
Q8WWW0,Q9H492,RASSF5,MAP1LC3A,1,1,0,20562859,0,1,1,
Q92636,Q9H492,NSMAF,MAP1LC3A,1,1,0,20562859,0,1,1,
Q9BPW8,Q9H492,NIPSNAP1,MAP1LC3A,1,1,0,20562859,0,1,1,
Q9H492,Q9H2M9,MAP1LC3A,RAB3GAP2,1,1,0,20562859,1,0,1,
Q9H492,Q9NX00,MAP1LC3A,TMEM160,1,1,0,20562859,1,0,1,
Q9NT62,O94817,ATG3,ATG12,1,1,0,,1,1,0,
Q9NT62,O95352,ATG3,ATG7,1,1,0,,1,1,0,
Q9NT62,Q9H0Y0,ATG3,ATG10,1,1,0,,1,1,0,
Q9NT62,Q9C0C7,ATG3,AMBRA1,1,1,0,,1,1,0,
Q9NT62,Q9GZQ8,ATG3,MAP1LC3B,1,1,0,,1,1,0,
Q9NT62,P60520,ATG3,GABARAPL2,1,1,0,,1,1,0,
Q9NT62,O95166,ATG3,GABARAP,1,1,0,,1,1,0,
Q9P2Y5,Q8NEB9,UVRAG,PIK3C3,1,1,0,,1,1,0,
Q9P2Y5,B4DS82,UVRAG,B4DS82,1,1,0,,1,0,1,
Q9Y4P1,O94817,ATG4B,ATG12,1,1,0,,1,1,0,
Q9Y4P1,Q9NT62,ATG4B,ATG3,1,1,0,,1,1,0,
Q9Y4P1,Q9H0Y0,ATG4B,ATG10,1,1,0,,1,1,0,
Q9Y4P1,Q9C0C7,ATG4B,AMBRA1,1,1,0,,1,1,0,
Q9Y4P1,O75385,ATG4B,ULK1,1,1,0,,1,1,0,
Q9Y4P1,Q9GZQ8,ATG4B,MAP1LC3B,1,1,0,,1,1,0,
Q9Y4P1,P60520,ATG4B,GABARAPL2,1,1,0,,1,1,0,
Q9Y4P1,O95166,ATG4B,GABARAP,1,1,0,,1,1,0,
O75385,O95166,ULK1,GABARAP,1,0,0,17353931:20562859:22885598:11146101,1,1,0,
O75385,Q6ZNE5,ULK1,ATG14,1,0,0,23685627,1,1,0,
P54619,O75385,PRKAG1,ULK1,1,1,0,20562859:21383122,0,1,1,
O95166,O14641,GABARAP,DVL2,1,0,-1,20639871,1,0,1,
Q13501,P58004,SQSTM1,SESN2,1,0,0,23274085,1,0,1,
Q13501,Q9Y6P5,SQSTM1,SESN1,1,0,0,23274085,1,0,1,
Q14457,Q9C0C7,BECN1,AMBRA1,1,0,1,20417604:23954414:20562859:17589504,1,1,0,
Q14457,P09429,BECN1,HMGB1,1,0,1,20819940,1,0,1,
Q14457,P53355,BECN1,DAPK1,1,0,0,19180116,1,0,1,
Q14457,Q07817,BECN1,BCL2L1,1,1,0,18641390:9765397:19713971:17659302:19049976:18628207,1,0,1,
P03372,Q5MNZ9,ESR1,WIPI1,1,1,0,15602573,0,1,1,
P10275,Q5MNZ9,AR,WIPI1,1,1,0,15602573,0,1,1,
Q92731,Q5MNZ9,ESR2,WIPI1,1,1,0,15602573,0,1,1,
Q8NEB9,Q8N122,PIK3C3,RPTOR,1,1,0,12150926,1,0,1,
Q8TDY2,P35222,RB1CC1,CTNNB1,1,0,0,22751121,1,0,1,
Q8TDY2,Q05397,RB1CC1,PTK2,1,1,0,10769033:12221124,1,0,1,
P51149,Q9BQS8,RAB7A,FYCO1,1,1,0,20100911,0,1,1,
P63167,Q9C0C7,DYNLL1,AMBRA1,1,1,0,20921139,0,1,1,
Q96FJ2,Q9C0C7,DYNLL2,AMBRA1,1,1,0,20921139,0,1,1,
Q9GZQ8,O14641,MAP1LC3B,DVL2,1,0,0,20639871,1,0,1,
Q6ZNE5,Q99570,ATG14,PIK3R4,1,1,0,,1,1,0,
Q6ZNE5,Q96F24,ATG14,NRBF2,1,1,0,,1,0,1,
Q9BW61,Q9C0C7,DDA1,AMBRA1,1,1,0,20562859,0,1,1,
Q9UGJ0,Q9H492,PRKAG2,MAP1LC3A,1,1,0,,0,1,1,
O75385,O75143,ULK1,ATG13,1,1,1,20562859:19287211:19225151:19211835,1,1,0,
O75385,Q14457,ULK1,BECN1,1,1,1,23685627,1,1,0,
O75385,Q8TDY2,ULK1,RB1CC1,1,1,1,19211835:19225151:20562859,1,1,0,
O75385,Q9C0C7,ULK1,AMBRA1,1,1,1,20921139,1,1,0,
O95352,O94817,ATG7,ATG12,1,1,1,11096062:20562859,1,1,0,
Q6ZNE5,Q14457,ATG14,BECN1,1,1,1,19050071:19270696:18843052:23954414:20562859:24034250,1,1,0,
Q8IYT8,O75143,ULK2,ATG13,1,1,1,20562859:19225151,1,1,0,
Q8IYT8,Q8TDY2,ULK2,RB1CC1,1,1,1,20562859:19225151,1,1,0,
Q8TDY2,Q676U5,RB1CC1,ATG16L1,1,1,1,23262492:20562859,1,1,0,
Q8TDY2,P04637,RB1CC1,TP53,1,1,1,21775823:16061648,1,0,1,
Q8TDY2,Q14289,RB1CC1,PTK2B,1,1,-1,10769033,1,0,1,
Q8TDY2,Q92574,RB1CC1,TSC1,1,1,-1,16043512,1,0,1,
Q9BSB4,O75143,ATG101,ATG13,1,1,1,19287211:20562859:19597335,1,1,0,
Q9P2Y5,Q14457,UVRAG,BECN1,1,1,1,18843052:20562859:23954414:19050071:16799551:24034250:19270696:18641390,1,1,0,
P10415,Q14457,BCL2,BECN1,1,1,-1,16179260:23541952:19347031:17438366:23954414:20622903:19050071:19273585:24034250:9765397,0,1,1,
P42345,O75143,MTOR,ATG13,1,1,-1,19225151,0,1,1,
P42345,O75385,MTOR,ULK1,1,1,-1,19225151,0,1,1,
P42345,Q8IYT8,MTOR,ULK2,1,1,-1,19225151,0,1,1,
Q92993,O75385,KAT5,ULK1,1,1,1,22539723,0,1,1,
Q96GC9,Q14457,VMP1,BECN1,1,1,1,23316280:19056683,0,1,1,
Q2TAZ0,B3KUY6,ATG2A,C8orf30A,1,0,0,,1,0,1,
P25685,Q2TAZ0,DNAJB1,ATG2A,1,1,0,20562859,0,1,1,
Q14683,Q2TAZ0,SMC1A,ATG2A,1,1,0,,0,1,1,
Q99615,Q2TAZ0,DNAJC7,ATG2A,1,1,0,,0,1,1,
Q99623,Q2TAZ0,PHB2,ATG2A,1,1,0,20562859,0,1,1,
Q9BTY7,Q2TAZ0,FAM203A,ATG2A,1,1,0,,0,1,1,
Q9UNF1,Q2TAZ0,MAGED2,ATG2A,1,1,0,,0,1,1,
Q9Y484,Q2TAZ0,WDR45,ATG2A,1,1,0,20562859,0,1,1,
P54646,P13807,PRKAA2,GYS1,1,1,0,,0,0,1,
P54646,Q8TDY2,PRKAA2,RB1CC1,1,1,0,,0,1,1,
P54646,P48736,PRKAA2,PIK3CG,1,1,0,,0,0,1,
P54646,O75385,PRKAA2,ULK1,1,1,0,,0,1,1,
P13807,P54646,GYS1,PRKAA2,1,1,0,,0,0,1,
P48736,P54646,PIK3CG,PRKAA2,1,1,0,,0,0,1,
P54619,P54646,PRKAG1,PRKAA2,1,1,0,,0,0,1,
P54646,Q9UGJ0,PRKAA2,PRKAG2,1,1,0,,0,0,1,
O43741,P54646,PRKAB2,PRKAA2,1,1,0,,0,0,1,
P25685,P54646,DNAJB1,PRKAA2,1,1,0,,0,0,1,
Q13131,P54646,PRKAA1,PRKAA2,1,1,0,,0,0,1,
Q14683,P54646,SMC1A,PRKAA2,1,1,0,,0,0,1,
Q9UGJ0,P54646,PRKAG2,PRKAA2,1,1,0,,0,0,1,
Q14151,Q8TDY2,SAFB2,RB1CC1,1,1,0,,0,1,1,
Q13043,Q9GZQ8,STK4,MAP1LC3B,1,1,0,,0,1,1,
Q15334,Q13501,LLGL1,SQSTM1,1,1,0,,0,1,1,
P46821,O94817,MAP1B,ATG12,1,1,0,,0,1,1,
P46821,Q9NT62,MAP1B,ATG3,1,1,0,,0,1,1,
P46821,Q9H0Y0,MAP1B,ATG10,1,1,0,,0,1,1,
P46821,Q9C0C7,MAP1B,AMBRA1,1,1,0,,0,1,1,
P46821,Q9GZQ8,MAP1B,MAP1LC3B,1,1,0,,0,1,1,
O00116,Q676U5,AGPS,ATG16L1,1,1,0,,0,1,1,
P49368,Q676U5,CCT3,ATG16L1,1,1,0,,0,1,1,
P78371,Q676U5,CCT2,ATG16L1,1,1,0,,0,1,1,
Q5SXM2,Q676U5,SNAPC4,ATG16L1,1,1,0,,0,1,1,
Q99832,Q676U5,CCT7,ATG16L1,1,1,0,,0,1,1,
Q9H2C0,Q676U5,GAN,ATG16L1,1,1,0,,0,1,1,
Q8NEB9,P51784,PIK3C3,USP11,1,1,0,,1,0,1,
P51784,Q8NEB9,USP11,PIK3C3,1,1,0,,0,1,1,
Q8NEB9,Q96F24,PIK3C3,NRBF2,1,1,0,,1,0,1,
Q92622,Q8NEB9,KIAA0226,PIK3C3,1,1,0,,0,1,1,
Q96F24,Q8NEB9,NRBF2,PIK3C3,1,1,0,,0,1,1,
Q96KA5,Q8NEB9,CLPTM1L,PIK3C3,1,1,0,,0,1,1,
Q9H1Y0,B3KSI4,ATG5,B3KSI4,1,0,0,,1,0,1,
P29401,Q9H1Y0,TKT,ATG5,1,1,0,,0,1,1,
P18433,Q9P2Y5,PTPRA,UVRAG,1,1,0,,0,1,1,
Q8WUH2,Q9P2Y5,TGFBRAP1,UVRAG,1,1,0,,0,1,1,
Q92622,Q9P2Y5,KIAA0226,UVRAG,1,1,0,,0,1,1,
Q96AX1,Q9P2Y5,VPS33A,UVRAG,1,1,0,,0,1,1,
Q9P253,Q9P2Y5,VPS18,UVRAG,1,1,0,,0,1,1,
B3KY50,P60520,B3KY50,GABARAPL2,1,1,0,,0,1,1,
Q13188,Q9GZQ8,STK3,MAP1LC3B,1,1,0,,0,1,1,
P51784,Q9H0Y0,USP11,ATG10,1,1,0,,0,1,1,
B4DS82,Q96F24,B4DS82,NRBF2,1,1,0,,0,0,1,
Q92574,B4DS82,TSC1,B4DS82,1,1,0,,0,0,1,
P78527,B4DS82,PRKDC,B4DS82,1,1,0,,0,0,1,
Q14683,B4DS82,SMC1A,B4DS82,1,1,0,,0,0,1,
Q92622,B4DS82,KIAA0226,B4DS82,1,1,0,,0,0,1,
Q96F24,B4DS82,NRBF2,B4DS82,1,1,0,,0,0,1,
P40939,Q13501,HADHA,SQSTM1,1,1,0,,0,1,1,
P40939,Q9GZQ8,HADHA,MAP1LC3B,1,1,0,,0,1,1,
P40939,P60520,HADHA,GABARAPL2,1,1,0,,0,1,1,
O00443,O95352,PIK3C2A,ATG7,1,1,0,,0,1,1,
O00443,B3KSI4,PIK3C2A,B3KSI4,1,0,0,,0,0,1,
P00558,O00443,PGK1,PIK3C2A,1,1,0,,0,0,1,
P26639,O00443,TARS,PIK3C2A,1,1,0,,0,0,1,
P29401,O00443,TKT,PIK3C2A,1,1,0,,0,0,1,
Q02790,O00443,FKBP4,PIK3C2A,1,1,0,,0,0,1,
Q9P2R3,O00443,ANKFY1,PIK3C2A,1,1,0,,0,0,1,
Q9UQ80,O00443,PA2G4,PIK3C2A,1,1,0,,0,0,1,
P55084,Q13501,HADHB,SQSTM1,1,1,0,,0,1,1,
P55084,Q9GZQ8,HADHB,MAP1LC3B,1,1,0,,0,1,1,
P55084,P60520,HADHB,GABARAPL2,1,1,0,,0,1,1,
P41743,Q13501,PRKCI,SQSTM1,1,1,0,,0,1,1,
P41743,Q9GZQ8,PRKCI,MAP1LC3B,1,1,0,,0,1,1,
P41743,P60520,PRKCI,GABARAPL2,1,1,0,,0,1,1,
O94817,Q9Y4P1,ATG12,ATG4B,1,1,0,,1,1,0,
O94817,O95352,ATG12,ATG7,1,1,0,,1,1,0,
O94817,O95166,ATG12,GABARAP,1,1,0,,1,1,0,
Q9Y4P1,P19013,ATG4B,KRT4,1,0,0,,1,0,1,
P04083,Q9Y4P1,ANXA1,ATG4B,1,1,0,,0,1,1,
Q13501,Q9BPW8,SQSTM1,NIPSNAP1,1,1,0,,1,0,1,
O75323,Q13501,GBAS,SQSTM1,1,1,0,,0,1,1,
Q9BPW8,Q13501,NIPSNAP1,SQSTM1,1,1,0,,0,1,1,
Q13501,B4DQ07,SQSTM1,B4DQ07,1,0,0,,1,0,1,
Q13501,O60716,SQSTM1,CTNND1,1,1,0,,1,0,1,
O60716,Q13501,CTNND1,SQSTM1,1,1,0,,0,1,1,
O75487,Q13501,GPC4,SQSTM1,1,1,0,,0,1,1,
P07197,Q13501,NEFM,SQSTM1,1,1,0,,0,1,1,
P22413,Q13501,ENPP1,SQSTM1,1,1,0,,0,1,1,
Q12797,Q13501,ASPH,SQSTM1,1,1,0,,0,1,1,
Q16352,Q13501,INA,SQSTM1,1,1,0,,0,1,1,
Q5JTW2,Q13501,CEP78,SQSTM1,1,1,0,,0,1,1,
Q13501,Q8NBS9,SQSTM1,TXNDC5,1,0,0,,1,0,1,
Q8TDH9,Q13501,BLOC1S5,SQSTM1,1,1,0,,0,1,1,
Q92896,Q13501,GLG1,SQSTM1,1,1,0,,0,1,1,
Q96CB9,Q13501,NSUN4,SQSTM1,1,1,0,,0,1,1,
Q96DV4,Q13501,MRPL38,SQSTM1,1,1,0,,0,1,1,
Q96RR1,Q13501,PEO1,SQSTM1,1,1,0,,0,1,1,
Q9BVS5,Q13501,TRMT61B,SQSTM1,1,1,0,,0,1,1,
Q9BZF1,Q13501,OSBPL8,SQSTM1,1,1,0,,0,1,1,
Q13501,Q9H6V3,SQSTM1,C10orf2,1,0,0,,1,0,1,
Q9NT22,Q13501,EMILIN3,SQSTM1,1,1,0,,0,1,1,
Q9NUJ1,Q13501,ABHD10,SQSTM1,1,1,0,,0,1,1,
Q9P265,Q13501,DIP2B,SQSTM1,1,1,0,,0,1,1,
Q9Y5Q9,Q13501,GTF3C3,SQSTM1,1,1,0,,0,1,1,
Q9BPW8,Q9GZQ8,NIPSNAP1,MAP1LC3B,1,1,0,,0,1,1,
Q9BPW8,P60520,NIPSNAP1,GABARAPL2,1,1,0,,0,1,1,
O75147,Q9NT62,OBSL1,ATG3,1,1,0,,0,1,1,
P78386,Q9NT62,KRT85,ATG3,1,1,0,,0,1,1,
Q9H0Y0,B7Z7T5,ATG10,B7Z7T5,1,0,0,,1,0,1,
O14929,Q9H0Y0,HAT1,ATG10,1,1,0,,0,1,1,
P30520,Q9H0Y0,ADSS,ATG10,1,1,0,,0,1,1,
P78386,Q9H0Y0,KRT85,ATG10,1,1,0,,0,1,1,
Q16576,Q9H0Y0,RBBP7,ATG10,1,1,0,,0,1,1,
Q93009,Q9H0Y0,USP7,ATG10,1,1,0,,0,1,1,
Q8TDY2,Q9BSB4,RB1CC1,ATG101,1,1,0,,1,1,0,
O75506,Q8TDY2,HSBP1,RB1CC1,1,1,0,,0,1,1,
P15927,Q8TDY2,RPA2,RB1CC1,1,1,0,,0,1,1,
P27694,Q8TDY2,RPA1,RB1CC1,1,1,0,,0,1,1,
P38159,Q8TDY2,RBMX,RB1CC1,1,1,0,,0,1,1,
P49750,Q8TDY2,YLPM1,RB1CC1,1,1,0,,0,1,1,
Q15424,Q8TDY2,SAFB,RB1CC1,1,1,0,,0,1,1,
Q8TEV9,Q8TDY2,SMCR8,RB1CC1,1,1,0,,0,1,1,
Q9UHD2,Q8TDY2,TBK1,RB1CC1,1,1,0,,0,1,1,
P78559,Q9GZQ8,MAP1A,MAP1LC3B,1,1,0,,0,1,1,
Q16531,Q9C0C7,DDB1,AMBRA1,1,1,0,,0,1,1,
O75385,P60520,ULK1,GABARAPL2,1,1,0,,1,1,0,
O75385,Q9P267,ULK1,MBD5,1,0,0,,1,0,1,
O43741,O75385,PRKAB2,ULK1,1,1,0,,0,1,1,
Q13131,O75385,PRKAA1,ULK1,1,1,0,,0,1,1,
Q13283,O75385,G3BP1,ULK1,1,1,0,,0,1,1,
Q14694,O75385,USP10,ULK1,1,1,0,,0,1,1,
Q16543,O75385,CDC37,ULK1,1,1,0,,0,1,1,
P47929,Q5MNZ9,LGALS7,WIPI1,1,1,0,,0,1,1,
Q13835,Q5MNZ9,PKP1,WIPI1,1,1,0,,0,1,1,
P46934,P60520,NEDD4,GABARAPL2,1,1,0,,0,1,1,
P46934,O95166,NEDD4,GABARAP,1,1,0,,0,1,1,
Q14677,Q9GZQ8,CLINT1,MAP1LC3B,1,1,0,,0,1,1,
Q9GZQ8,O95166,MAP1LC3B,GABARAP,1,1,0,,1,1,0,
O75323,Q9GZQ8,GBAS,MAP1LC3B,1,1,0,,0,1,1,
Q14145,Q9GZQ8,KEAP1,MAP1LC3B,1,1,0,,0,1,1,
Q8WWW0,Q9GZQ8,RASSF5,MAP1LC3B,1,1,0,,0,1,1,
Q9NX00,Q9GZQ8,TMEM160,MAP1LC3B,1,1,0,,0,1,1,
Q14185,Q9GZQ8,DOCK1,MAP1LC3B,1,1,0,,0,1,1,
P60520,Q13618,GABARAPL2,CUL3,1,1,0,,1,0,1,
O00410,P60520,IPO5,GABARAPL2,1,1,0,,0,1,1,
O75323,P60520,GBAS,GABARAPL2,1,1,0,,0,1,1,
O95210,P60520,STBD1,GABARAPL2,1,1,0,,0,1,1,
Q13618,P60520,CUL3,GABARAPL2,1,1,0,,0,1,1,
Q14145,P60520,KEAP1,GABARAPL2,1,1,0,,0,1,1,
Q8TD19,P60520,NEK9,GABARAPL2,1,1,0,,0,1,1,
Q9NX00,P60520,TMEM160,GABARAPL2,1,1,0,,0,1,1,
P60520,B7Z4J4,GABARAPL2,B7Z4J4,1,0,0,,1,0,1,
O43379,P60520,WDR62,GABARAPL2,1,1,0,,0,1,1,
Q14257,P60520,RCN2,GABARAPL2,1,1,0,,0,1,1,
Q14596,P60520,NBR1,GABARAPL2,1,1,0,,0,1,1,
Q9GZZ9,P60520,UBA5,GABARAPL2,1,1,0,,0,1,1,
Q9P035,P60520,PTPLAD1,GABARAPL2,1,1,0,,0,1,1,
O00410,O95166,IPO5,GABARAP,1,1,0,,0,1,1,
O75323,O95166,GBAS,GABARAP,1,1,0,,0,1,1,
O95210,O95166,STBD1,GABARAP,1,1,0,,0,1,1,
Q14145,O95166,KEAP1,GABARAP,1,1,0,,0,1,1,
Q8WXU2,O95166,DYX1C1,GABARAP,1,1,0,,0,1,1,
O95166,B7Z4J4,GABARAP,B7Z4J4,1,0,0,,1,0,1,
O15040,O95166,TECPR2,GABARAP,1,1,0,,0,1,1,
Q02790,O95166,FKBP4,GABARAP,1,1,0,,0,1,1,
Q14596,O95166,NBR1,GABARAP,1,1,0,,0,1,1,
Q8NI08,O95166,NCOA7,GABARAP,1,1,0,,0,1,1,
Q8TC07,O95166,TBC1D15,GABARAP,1,1,0,,0,1,1,
Q96RU3,O95166,FNBP1,GABARAP,1,1,0,,0,1,1,
Q9BTU6,O95166,PI4K2A,GABARAP,1,1,0,,0,1,1,
Q9P2R3,O95166,ANKFY1,GABARAP,1,1,0,,0,1,1,
P54619,Q13131,PRKAG1,PRKAA1,1,1,0,20562859:16306228:23455922,0,0,1,
Q14145,P58004,KEAP1,SESN2,1,0,0,23274085,0,0,1,
Q14145,Q9Y6P5,KEAP1,SESN1,1,0,0,23274085,0,0,1,
P54646,Q96RR4,PRKAA2,CAMKK2,1,0,0,,0,0,1,
Q13043,P46821,STK4,MAP1B,1,1,0,,0,0,1,
Q13043,Q13188,STK4,STK3,1,1,0,,0,0,1,
B4DS80,Q15334,B4DS80,LLGL1,1,1,0,,0,0,1,
Q9UGJ0,P46821,PRKAG2,MAP1B,1,1,0,,0,0,1,
Q92636,B3KY50,NSMAF,B3KY50,1,1,0,,0,0,1,
B3KY50,P63167,B3KY50,DYNLL1,1,0,0,,0,0,1,
Q13188,Q9Y4P1,STK3,ATG4B,1,1,0,,0,1,1,
B4DS80,Q92636,B4DS80,NSMAF,1,1,0,,0,0,1,
B4DS80,Q86V97,B4DS80,KBTBD6,1,1,0,,0,0,1,
B4DS80,Q13618,B4DS80,CUL3,1,1,0,,0,0,1,
B4DS80,Q9NX00,B4DS80,TMEM160,1,1,0,,0,0,1,
B4DS80,O75147,B4DS80,OBSL1,1,0,0,,0,0,1,
B4DS80,Q96CB9,B4DS80,NSUN4,1,1,0,,0,0,1,
Q9BSB4,P40939,ATG101,HADHA,1,1,0,,1,0,1,
O75323,P40939,GBAS,HADHA,1,1,0,,0,0,1,
Q9BW61,P40939,DDA1,HADHA,1,1,0,,0,0,1,
Q9BSB4,P55084,ATG101,HADHB,1,1,0,,1,0,1,
Q9BW61,P55084,DDA1,HADHB,1,1,0,,0,0,1,
P13807,O43741,GYS1,PRKAB2,1,0,0,,0,0,1,
Q9BQS8,P15927,FYCO1,RPA2,1,1,0,,1,0,1,
Q9BQS8,P42166,FYCO1,TMPO,1,0,0,,1,0,1,
Q9BQS8,P35244,FYCO1,RPA3,1,0,0,,1,0,1,
Q9BQS8,Q7L1V2,FYCO1,MON1B,1,0,0,,1,0,1,
Q9BQS8,P27816,FYCO1,MAP4,1,0,0,,1,0,1,
Q9BQS8,Q02241,FYCO1,KIF23,1,0,0,,1,0,1,
Q9BQS8,B7Z2Y1,FYCO1,B7Z2Y1,1,0,0,,1,0,1,
Q9BQS8,O95487,FYCO1,SEC24B,1,0,0,,1,0,1,
Q9BQS8,P33176,FYCO1,KIF5B,1,0,0,,1,0,1,
Q9BQS8,P02545,FYCO1,LMNA,1,0,0,,1,0,1,
Q9BQS8,Q8IX12,FYCO1,CCAR1,1,0,0,,1,0,1,
Q9BQS8,P50402,FYCO1,EMD,1,0,0,,1,0,1,
Q9BQS8,P86791,FYCO1,CCZ1,1,0,0,,1,0,1,
Q9BQS8,Q15437,FYCO1,SEC23B,1,1,0,,1,0,1,
Q9GZZ9,Q8WUM4,UBA5,PDCD6IP,1,1,0,,0,0,1,
Q9Y4P1,Q96RR4,ATG4B,CAMKK2,1,0,0,,1,0,1,
O95352,Q13286,ATG7,CLN3,1,0,0,,1,0,1,
O75323,Q9BPW8,GBAS,NIPSNAP1,1,1,0,,0,0,1,
Q8TDY2,O43741,RB1CC1,PRKAB2,1,0,0,,1,0,1,
Q9UGJ0,P78559,PRKAG2,MAP1A,1,1,0,,0,0,1,
Q9BSB4,Q9P267,ATG101,MBD5,1,0,0,,1,0,1,
Q9BSB4,P78527,ATG101,PRKDC,1,0,0,,1,0,1,
Q9BSB4,Q02790,ATG101,FKBP4,1,0,0,,1,0,1,
Q9BSB4,Q9UQ80,ATG101,PA2G4,1,0,0,,1,0,1,
Q9BSB4,P00558,ATG101,PGK1,1,1,0,,1,0,1,
Q9BSB4,P26639,ATG101,TARS,1,1,0,,1,0,1,
Q9BSB4,Q9GZZ9,ATG101,UBA5,1,1,0,,1,0,1,
Q9BSB4,Q9P2J5,ATG101,LARS,1,0,0,,1,0,1,
Q9BSB4,P36776,ATG101,LONP1,1,0,0,,1,0,1,
Q9BSB4,P08559,ATG101,PDHA1,1,0,0,,1,0,1,
Q9BSB4,P16152,ATG101,CBR1,1,0,0,,1,0,1,
Q9BSB4,P19367,ATG101,HK1,1,0,0,,1,0,1,
Q9BSB4,P49189,ATG101,ALDH9A1,1,0,0,,1,0,1,
Q9BSB4,P42704,ATG101,LRPPRC,1,0,0,,1,0,1,
Q9BSB4,P08243,ATG101,ASNS,1,0,0,,1,0,1,
Q9BSB4,Q08945,ATG101,SSRP1,1,0,0,,1,0,1,
Q9BSB4,P13804,ATG101,ETFA,1,0,0,,1,0,1,
Q9BSB4,O43524,ATG101,FOXO3,1,1,0,,1,0,1,
Q9BSB4,P05089,ATG101,ARG1,1,1,0,,1,0,1,
Q9BSB4,P53621,ATG101,COPA,1,1,0,,1,0,1,
Q9BSB4,P53805,ATG101,RCAN1,1,0,0,,1,0,1,
Q9BSB4,Q8WUI6,ATG101,COPG,1,0,0,,1,0,1,
Q9BSB4,Q9Y623,ATG101,MYH4,1,1,0,,1,0,1,
Q5MNZ9,P51991,WIPI1,HNRNPA3,1,1,0,,1,0,1,
O75323,P78527,GBAS,PRKDC,1,0,0,,0,0,1,
O75323,Q02790,GBAS,FKBP4,1,0,0,,0,0,1,
O75323,Q9UQ80,GBAS,PA2G4,1,0,0,,0,0,1,
O75323,P00558,GBAS,PGK1,1,1,0,20562859,0,0,1,
O75323,P26639,GBAS,TARS,1,1,0,20562859,0,0,1,
O75323,Q9P2J5,GBAS,LARS,1,0,0,,0,0,1,
O75323,P36776,GBAS,LONP1,1,0,0,,0,0,1,
O75323,P19367,GBAS,HK1,1,0,0,,0,0,1,
O75323,P49189,GBAS,ALDH9A1,1,0,0,,0,0,1,
O75323,O43524,GBAS,FOXO3,1,1,0,20562859,0,0,1,
Q96F24,Q9UQ80,NRBF2,PA2G4,1,0,0,,0,0,1,
Q96F24,P00558,NRBF2,PGK1,1,1,0,,0,0,1,
Q9UGJ0,Q02790,PRKAG2,FKBP4,1,0,0,,0,0,1,
Q9UGJ0,P00558,PRKAG2,PGK1,1,1,0,,0,0,1,
Q9UGJ0,P26639,PRKAG2,TARS,1,1,0,,0,0,1,
Q9UGJ0,Q13131,PRKAG2,PRKAA1,1,1,0,,0,0,1,
Q9UGJ0,P08243,PRKAG2,ASNS,1,0,0,,0,0,1,
Q9BW61,Q16531,DDA1,DDB1,1,0,0,,0,0,1,
Q9BW61,P78527,DDA1,PRKDC,1,0,0,,0,0,1,
Q9BW61,Q02790,DDA1,FKBP4,1,0,0,,0,0,1,
Q9BW61,Q9UQ80,DDA1,PA2G4,1,0,0,,0,0,1,
Q9BW61,P00558,DDA1,PGK1,1,1,0,20562859,0,0,1,
Q9BW61,P26639,DDA1,TARS,1,1,0,20562859,0,0,1,
Q9BW61,Q13131,DDA1,PRKAA1,1,1,0,20562859,0,0,1,
Q9BW61,Q9P2J5,DDA1,LARS,1,0,0,,0,0,1,
Q9BW61,P16152,DDA1,CBR1,1,0,0,,0,0,1,
Q9BW61,P49189,DDA1,ALDH9A1,1,0,0,,0,0,1,
Q9BW61,P08243,DDA1,ASNS,1,0,0,,0,0,1,
Q9BW61,P13804,DDA1,ETFA,1,0,0,,0,0,1,
Q9BW61,P53621,DDA1,COPA,1,1,0,20562859,0,0,1,
O75143,P60520,ATG13,GABARAPL2,1,0,0,20562859,1,1,0,
O75385,Q14694,ULK1,USP10,1,1,0,20562859,1,0,1,
O94817,Q9H0Y0,ATG12,ATG10,1,0,0,17353931:16963840,1,1,0,
O94817,Q15459,ATG12,SF3A1,1,0,0,17353931,1,0,1,
O94817,Q05397,ATG12,PTK2,1,0,0,,1,0,1,
P60520,Q8WVZ9,GABARAPL2,KBTBD7,1,0,0,20562859,1,0,1,
P60520,P18433,GABARAPL2,PTPRA,1,0,0,,1,0,1,
P60520,P42704,GABARAPL2,LRPPRC,1,0,0,17353931,1,0,1,
Q13501,P41743,SQSTM1,PRKCI,1,1,0,20562859:9566925:14676191,1,0,1,
Q13501,Q13618,SQSTM1,CUL3,1,0,0,,1,0,1,
Q13501,Q14145,SQSTM1,KEAP1,1,0,0,20452972:20562859:20173742:19615732:20378532,1,0,1,
Q13501,Q16543,SQSTM1,CDC37,1,0,0,24189400:20562859,1,0,1,
Q13501,Q9BZF1,SQSTM1,OSBPL8,1,1,0,20562859,1,0,1,
Q14457,Q99570,BECN1,PIK3R4,1,0,0,18843052:19270696:20562859:19050071,1,1,0,
Q14457,Q92574,BECN1,TSC1,1,0,0,20562859,1,0,1,
Q14457,P78527,BECN1,PRKDC,1,0,0,20562859,1,0,1,
Q14457,Q14683,BECN1,SMC1A,1,0,0,20562859,1,0,1,
Q14457,Q92622,BECN1,KIAA0226,1,0,0,19270696:23954414:20562859:22423967:24034250,1,0,1,
Q14457,Q96F24,BECN1,NRBF2,1,0,0,20562859,1,0,1,
Q5MNZ9,Q13835,WIPI1,PKP1,1,1,0,20562859,1,0,1,
Q676U5,Q5SXM2,ATG16L1,SNAPC4,1,1,0,20562859,1,0,1,
Q9BQS8,P27694,FYCO1,RPA1,1,0,0,20562859,1,0,1,
Q9BSB4,P27694,ATG101,RPA1,1,0,0,20562859,1,0,1,
Q9BSB4,Q16543,ATG101,CDC37,1,0,0,,1,0,1,
Q9BSB4,Q9P2R3,ATG101,ANKFY1,1,0,0,20562859,1,0,1,
Q9C0C7,Q8TD19,AMBRA1,NEK9,1,1,0,,1,0,1,
Q9GZQ8,P09496,MAP1LC3B,CLTA,1,0,0,,1,0,1,
Q9GZQ8,Q8WVZ9,MAP1LC3B,KBTBD7,1,0,0,16169070:20562859,1,0,1,
Q9GZQ8,P63167,MAP1LC3B,DYNLL1,1,0,0,,1,0,1,
Q9GZQ8,Q15424,MAP1LC3B,SAFB,1,0,0,20562859,1,0,1,
Q9H492,O14641,MAP1LC3A,DVL2,1,0,0,,1,0,1,
O75323,Q14145,GBAS,KEAP1,1,0,0,19615732,0,0,1,
O75323,Q9P2R3,GBAS,ANKFY1,1,0,0,20562859,0,0,1,
P41743,Q9BPW8,PRKCI,NIPSNAP1,1,0,0,14676191,0,0,1,
P41743,Q16543,PRKCI,CDC37,1,0,0,14676191,0,0,1,
P46821,Q8WWW0,MAP1B,RASSF5,1,0,0,24366813:20562859,0,0,1,
P46821,Q9H2C0,MAP1B,GAN,1,0,0,,0,0,1,
Q13043,P46934,STK4,NEDD4,1,1,0,,0,0,1,
Q8WUM4,P46934,PDCD6IP,NEDD4,1,1,0,,0,0,1,
Q9UHD2,P46934,TBK1,NEDD4,1,1,0,,0,0,1,
Q96RR4,P46934,CAMKK2,NEDD4,1,1,0,,0,0,1,
P51784,Q14145,USP11,KEAP1,1,0,0,19615732,0,0,1,
P51784,P04637,USP11,TP53,1,0,0,19615732,0,0,1,
P51784,Q93009,USP11,USP7,1,0,0,19615732,0,0,1,
Q13043,Q8WWW0,STK4,RASSF5,1,0,0,24255178:20562859:16892067:15109305:23455922:24366813,0,0,1,
Q13043,O43524,STK4,FOXO3,1,1,0,,0,0,1,
Q13188,Q8WWW0,STK3,RASSF5,1,0,0,24255178:16892067:20562859:23455922:21988832:24366813,0,0,1,
Q13618,Q14145,CUL3,KEAP1,1,1,0,17439941,0,0,1,
Q13618,Q8WVZ9,CUL3,KBTBD7,1,1,0,20562859,0,0,1,
Q13618,P10415,CUL3,BCL2,1,0,0,,0,0,1,
P53355,Q13618,DAPK1,CUL3,1,1,0,,0,0,1,
Q13618,Q92993,CUL3,KAT5,1,0,0,,0,0,1,
Q13618,Q9H2C0,CUL3,GAN,1,1,0,,0,0,1,
Q14145,Q9NX00,KEAP1,TMEM160,1,0,0,19615732,0,0,1,
Q14145,P10415,KEAP1,BCL2,1,0,0,,0,0,1,
Q14145,Q07817,KEAP1,BCL2L1,1,0,0,,0,0,1,
P03372,Q14151,ESR1,SAFB2,1,1,0,12660241,0,0,1,
Q15424,Q14151,SAFB,SAFB2,1,1,0,12660241,0,0,1,
Q15334,Q8WVZ9,LLGL1,KBTBD7,1,0,0,20562859:24366813,0,0,1,
Q86V97,Q8WVZ9,KBTBD6,KBTBD7,1,0,0,20562859,0,0,1,
Q92636,Q8TD19,NSMAF,NEK9,1,1,0,20562859,0,0,1,
P63167,Q8TD19,DYNLL1,NEK9,1,1,0,20562859,0,0,1,
Q96FJ2,Q8TD19,DYNLL2,NEK9,1,1,0,,0,0,1,
Q8TD19,Q9BW61,NEK9,DDA1,1,0,0,,0,0,1,
Q8TD19,P15927,NEK9,RPA2,1,1,0,,0,0,1,
Q16531,Q8TD19,DDB1,NEK9,1,1,0,,0,0,1,
Q08945,Q8TD19,SSRP1,NEK9,1,1,0,,0,0,1,
Q8WUM4,Q93009,PDCD6IP,USP7,1,0,0,,0,0,1,
Q8WVZ9,Q9NX00,KBTBD7,TMEM160,1,0,0,20562859,0,0,1,
Q8WVZ9,O75147,KBTBD7,OBSL1,1,1,0,20562859,0,0,1,
Q8WVZ9,Q96CB9,KBTBD7,NSUN4,1,0,0,20562859,0,0,1,
O14641,P35222,DVL2,CTNNB1,1,1,0,,0,0,1,
O14641,P04637,DVL2,TP53,1,0,0,16189514:16713569,0,0,1,
P03372,P35222,ESR1,CTNNB1,1,0,0,,0,0,1,
P03372,Q92731,ESR1,ESR2,1,1,0,21182203,0,0,1,
P03372,P04637,ESR1,TP53,1,0,0,,0,0,1,
P03372,Q92993,ESR1,KAT5,1,0,0,17418098,0,0,1,
P03372,P78527,ESR1,PRKDC,1,0,0,21182205,0,0,1,
P03372,Q02790,ESR1,FKBP4,1,1,0,,0,0,1,
P03372,Q15424,ESR1,SAFB,1,0,0,,0,0,1,
P03372,Q16576,ESR1,RBBP7,1,1,0,21182205,0,0,1,
P03372,Q8NI08,ESR1,NCOA7,1,1,0,,0,0,1,
P03372,Q99623,ESR1,PHB2,1,1,0,,0,0,1,
P09429,P10275,HMGB1,AR,1,0,0,,0,0,1,
P09429,P04637,HMGB1,TP53,1,0,0,9472015,0,0,1,
P10275,P35222,AR,CTNNB1,1,1,0,21885566:16428447:21741601:10987273,0,0,1,
P04637,P10275,TP53,AR,1,1,0,,0,0,1,
P10275,Q92993,AR,KAT5,1,0,0,,0,0,1,
P10275,P78527,AR,PRKDC,1,0,0,,0,0,1,
P10275,Q16543,AR,CDC37,1,0,0,,0,0,1,
P10275,Q9UQ80,AR,PA2G4,1,0,0,,0,0,1,
P10415,P63167,BCL2,DYNLL1,1,0,0,,0,0,1,
P10415,Q07817,BCL2,BCL2L1,1,0,0,18835031,0,0,1,
P10415,P04637,BCL2,TP53,1,0,0,12667443,0,0,1,
P35222,O60716,CTNNB1,CTNND1,1,0,0,,0,0,1,
P35222,Q16531,CTNNB1,DDB1,1,1,0,,0,0,1,
P35222,Q99623,CTNNB1,PHB2,1,0,0,17353931,0,0,1,
P35222,O43524,CTNNB1,FOXO3,1,1,0,,0,0,1,
P35222,P02545,CTNNB1,LMNA,1,0,0,,0,0,1,
P04637,P53355,TP53,DAPK1,1,1,0,,0,0,1,
P54619,O43741,PRKAG1,PRKAB2,1,0,0,20562859:21988832,0,0,1,
P54619,P00558,PRKAG1,PGK1,1,0,0,20562859,0,0,1,
P54619,P26639,PRKAG1,TARS,1,0,0,20562859,0,0,1,
P54619,Q02790,PRKAG1,FKBP4,1,0,0,20562859,0,0,1,
P54619,Q9UGJ0,PRKAG1,PRKAG2,1,0,0,20562859,0,0,1,
P54619,Q9UQ80,PRKAG1,PA2G4,1,0,0,20562859,0,0,1,
P54619,Q96RR4,PRKAG1,CAMKK2,1,1,0,20562859,0,0,1,
P63167,Q07817,DYNLL1,BCL2L1,1,0,0,,0,0,1,
P63167,Q96FJ2,DYNLL1,DYNLL2,1,0,0,17353931,0,0,1,
Q05397,P04637,PTK2,TP53,1,1,0,15855171,0,0,1,
Q92574,Q05397,TSC1,PTK2,1,1,0,,0,0,1,
Q05397,Q14185,PTK2,DOCK1,1,1,0,,0,0,1,
Q07817,P04637,BCL2L1,TP53,1,0,0,14963330:12667443:16151013,0,0,1,
Q92731,Q92993,ESR2,KAT5,1,0,0,,0,0,1,
Q9BW61,Q9P2R3,DDA1,ANKFY1,1,0,0,20562859,0,0,1,
P04637,Q92993,TP53,KAT5,1,0,0,18485870,0,0,1,
P04637,P27694,TP53,RPA1,1,0,0,15735006,0,0,1,
P04637,P78527,TP53,PRKDC,1,1,0,,0,0,1,
P04637,Q13283,TP53,G3BP1,1,0,0,,0,0,1,
P04637,Q14694,TP53,USP10,1,0,0,,0,0,1,
P04637,Q93009,TP53,USP7,1,0,0,15916963:16845383:16474402,0,0,1,
P04637,P42704,TP53,LRPPRC,1,0,0,,0,0,1,
P04637,Q8IX12,TP53,CCAR1,1,0,0,,0,0,1,
P42345,Q13131,MTOR,PRKAA1,1,1,0,,0,0,1,
P42345,Q16543,MTOR,CDC37,1,1,0,,0,0,1,
P42345,Q9UQ80,MTOR,PA2G4,1,0,0,,0,0,1,
Q92993,P78527,KAT5,PRKDC,1,1,0,,0,0,1,
Q92993,Q93009,KAT5,USP7,1,0,0,,0,0,1,
Q92993,Q99832,KAT5,CCT7,1,0,0,16169070,0,0,1,
Q92993,P02545,KAT5,LMNA,1,0,0,16169070,0,0,1,
P60520,Q8WYN0,GABARAPL2,ATG4A,1,0,0,,1,1,0,
Q13501,Q14596,SQSTM1,NBR1,1,0,0,12813044:20562859:19250911,1,0,1,
P09496,Q00610,CLTA,CLTC,1,1,0,,0,0,1,
P04083,P41743,ANXA1,PRKCI,1,1,0,,0,0,1,
P46821,P78559,MAP1B,MAP1A,1,0,0,,0,0,1,
P46821,P63167,MAP1B,DYNLL1,1,0,0,,0,0,1,
P04637,Q13043,TP53,STK4,1,1,0,,0,0,1,
Q15042,Q9H2M9,RAB3GAP1,RAB3GAP2,1,0,0,,0,0,1,
Q8WUM4,Q14289,PDCD6IP,PTK2B,1,0,0,,0,0,1,
P03372,P10275,ESR1,AR,1,1,0,,0,0,1,
P03372,O43524,ESR1,FOXO3,1,1,0,,0,0,1,
P09429,P78527,HMGB1,PRKDC,1,1,0,,0,0,1,
Q05397,Q14289,PTK2,PTK2B,1,0,0,,0,0,1,
Q92731,Q8NI08,ESR2,NCOA7,1,1,0,,0,0,1,
O75385,Q9BSB4,ULK1,ATG101,1,0,0,19287211:19597335,1,1,0,
Q13501,Q8IYT8,SQSTM1,ULK2,1,1,0,14702098,1,1,0,
Q13501,Q9BXW4,SQSTM1,MAP1LC3C,1,0,0,20562859:23022382:19250911,1,1,0,
Q13501,P29401,SQSTM1,TKT,1,0,0,14702098,1,0,1,
Q676U5,Q7Z6L1,ATG16L1,TECPR1,1,0,0,21575909,1,1,0,
Q676U5,Q00610,ATG16L1,CLTC,1,0,0,20639872,1,0,1,
Q7Z6L1,Q9Y4P8,TECPR1,WIPI2,1,0,0,21575909,1,1,0,
Q7Z6L1,Q92622,TECPR1,KIAA0226,1,0,0,21575909,1,0,1,
Q8NAA4,Q9H1Y0,ATG16L2,ATG5,1,0,0,20562859:21575909,1,1,0,
Q8NEB9,Q9C0C7,PIK3C3,AMBRA1,1,0,0,20417604,1,1,0,
Q99570,Q92622,PIK3R4,KIAA0226,1,0,0,22423967,1,0,1,
Q9BXW4,Q14596,MAP1LC3C,NBR1,1,0,0,19250911:20562859:23022382,1,0,1,
Q9GZQ8,Q14596,MAP1LC3B,NBR1,1,0,0,19250911:20562859:23022382,1,0,1,
Q9H0R8,Q14596,GABARAPL1,NBR1,1,0,0,19250911:20562859:23022382,1,0,1,
Q9H0Y0,Q9H1Y0,ATG10,ATG5,1,0,0,16963840,1,1,0,
Q9H1Y0,Q07817,ATG5,BCL2L1,1,0,0,16998475,1,0,1,
Q9H492,Q14596,MAP1LC3A,NBR1,1,0,0,23022382:19250911,1,0,1,
P10644,P42345,PRKAR1A,MTOR,1,0,0,16963469,0,0,1,
P35222,P38159,CTNNB1,RBMX,1,0,0,16230076,0,0,1,
A6NCE7,Q9GZQ8,MAP1LC3B2,MAP1LC3B,1,0,0,20562859,1,1,0,
O75143,O95166,ATG13,GABARAP,1,0,0,20562859,1,1,0,
O75143,Q9BXW4,ATG13,MAP1LC3C,1,0,0,20562859,1,1,0,
O75143,Q9GZQ8,ATG13,MAP1LC3B,1,0,0,20562859,1,1,0,
O75143,Q9H0R8,ATG13,GABARAPL1,1,0,0,20562859,1,1,0,
O75385,Q9BXW4,ULK1,MAP1LC3C,1,0,0,20562859,1,1,0,
O75385,Q9GZQ8,ULK1,MAP1LC3B,1,0,0,20562859,1,1,0,
O75385,Q9H0R8,ULK1,GABARAPL1,1,0,0,20562859,1,1,0,
O75385,O75323,ULK1,GBAS,1,0,0,20562859,1,0,1,
O75385,Q96F24,ULK1,NRBF2,1,0,0,20562859,1,0,1,
O94817,Q14457,ATG12,BECN1,1,0,0,20562859,1,1,0,
O94817,Q8TDY2,ATG12,RB1CC1,1,0,0,17353931,1,1,0,
O94817,P51149,ATG12,RAB7A,1,0,0,17353931,1,0,1,
O94817,Q16543,ATG12,CDC37,1,0,0,17353931,1,0,1,
O94817,P51991,ATG12,HNRNPA3,1,0,0,17353931,1,0,1,
O95166,Q2TAZ0,GABARAP,ATG2A,1,0,0,20562859,1,1,0,
O95166,Q676U5,GABARAP,ATG16L1,1,0,0,20562859,1,1,0,
O95166,Q8IYT8,GABARAP,ULK2,1,0,0,20562859,1,1,0,
O95166,Q8NAA4,GABARAP,ATG16L2,1,0,0,20562859,1,1,0,
O95166,Q8TDY2,GABARAP,RB1CC1,1,0,0,20562859,1,1,0,
O95166,Q9BQS8,GABARAP,FYCO1,1,0,0,20562859,1,1,0,
O95166,Q9BSB4,GABARAP,ATG101,1,0,0,20562859,1,1,0,
O95166,Q9H0Y0,GABARAP,ATG10,1,0,0,20562859,1,1,0,
O95166,Q9H1Y0,GABARAP,ATG5,1,0,0,20562859,1,1,0,
O95166,Q9H492,GABARAP,MAP1LC3A,1,0,0,20562859,1,1,0,
O95166,P10644,GABARAP,PRKAR1A,1,0,0,20562859,1,0,1,
O95166,P13807,GABARAP,GYS1,1,0,0,20562859,1,0,1,
O95166,P40939,GABARAP,HADHA,1,0,0,20562859,1,0,1,
O95166,P41743,GABARAP,PRKCI,1,0,0,20562859,1,0,1,
O95166,P55084,GABARAP,HADHB,1,0,0,20562859,1,0,1,
O95166,Q00610,GABARAP,CLTC,1,0,0,20562859,1,0,1,
O95166,Q12800,GABARAP,TFCP2,1,0,0,20562859,1,0,1,
O95166,Q13043,GABARAP,STK4,1,0,0,20562859,1,0,1,
O95166,Q13188,GABARAP,STK3,1,0,0,20562859,1,0,1,
O95166,Q13618,GABARAP,CUL3,1,0,0,20562859,1,0,1,
O95166,Q14151,GABARAP,SAFB2,1,0,0,20562859,1,0,1,
O95166,Q14677,GABARAP,CLINT1,1,0,0,20562859,1,0,1,
O95166,Q15334,GABARAP,LLGL1,1,0,0,20562859,1,0,1,
O95166,Q15459,GABARAP,SF3A1,1,0,0,20562859,1,0,1,
O95166,Q86V97,GABARAP,KBTBD6,1,0,0,20562859,1,0,1,
O95166,Q8TD19,GABARAP,NEK9,1,0,0,20562859,1,0,1,
O95166,Q8WUM4,GABARAP,PDCD6IP,1,0,0,20562859,1,0,1,
O95166,Q8WVZ9,GABARAP,KBTBD7,1,0,0,20562859,1,0,1,
O95166,Q8WWW0,GABARAP,RASSF5,1,0,0,20562859,1,0,1,
O95166,Q92636,GABARAP,NSMAF,1,0,0,20562859,1,0,1,
O95166,Q9BPW8,GABARAP,NIPSNAP1,1,0,0,20562859,1,0,1,
O95166,Q9H2M9,GABARAP,RAB3GAP2,1,0,0,20562859,1,0,1,
O95166,Q9NX00,GABARAP,TMEM160,1,0,0,20562859,1,0,1,
O95166,Q9UPU7,GABARAP,TBC1D2B,1,0,0,20562859,1,0,1,
O95166,Q9Y3P9,GABARAP,RABGAP1,1,0,0,20562859,1,0,1,
O95166,P54619,GABARAP,PRKAG1,1,0,0,20562859,1,0,1,
O95166,O14929,GABARAP,HAT1,1,0,0,20562859,1,0,1,
O95166,O75487,GABARAP,GPC4,1,0,0,20562859,1,0,1,
O95166,P78371,GABARAP,CCT2,1,0,0,20562859,1,0,1,
O95166,P78386,GABARAP,KRT85,1,0,0,20562859,1,0,1,
O95166,P78527,GABARAP,PRKDC,1,0,0,20562859,1,0,1,
O95166,Q13131,GABARAP,PRKAA1,1,0,0,20562859,1,0,1,
O95166,Q13283,GABARAP,G3BP1,1,0,0,20562859,1,0,1,
O95166,Q14257,GABARAP,RCN2,1,0,0,20562859,1,0,1,
O95166,Q16531,GABARAP,DDB1,1,0,0,20562859,1,0,1,
O95166,Q9GZZ9,GABARAP,UBA5,1,0,0,20562859,1,0,1,
O95166,Q9P035,GABARAP,PTPLAD1,1,0,0,20562859,1,0,1,
O95166,P05089,GABARAP,ARG1,1,0,0,20562859,1,0,1,
O95166,P51991,GABARAP,HNRNPA3,1,0,0,20562859,1,0,1,
O95166,Q15437,GABARAP,SEC23B,1,0,0,20562859,1,0,1,
O95166,O95487,GABARAP,SEC24B,1,0,0,20562859,1,0,1,
P60520,Q2TAZ0,GABARAPL2,ATG2A,1,0,0,20562859,1,1,0,
P60520,Q676U5,GABARAPL2,ATG16L1,1,0,0,20562859,1,1,0,
P60520,Q8IYT8,GABARAPL2,ULK2,1,0,0,20562859,1,1,0,
P60520,Q9BQS8,GABARAPL2,FYCO1,1,0,0,20562859,1,1,0,
P60520,Q9BSB4,GABARAPL2,ATG101,1,0,0,20562859,1,1,0,
P60520,Q9GZQ8,GABARAPL2,MAP1LC3B,1,0,0,20562859,1,1,0,
P60520,Q9H0Y0,GABARAPL2,ATG10,1,0,0,20562859,1,1,0,
P60520,Q9H1Y0,GABARAPL2,ATG5,1,0,0,20562859,1,1,0,
P60520,Q9H492,GABARAPL2,MAP1LC3A,1,0,0,20562859,1,1,0,
P60520,P10644,GABARAPL2,PRKAR1A,1,0,0,20562859,1,0,1,
P60520,P13807,GABARAPL2,GYS1,1,0,0,20562859,1,0,1,
P60520,P46821,GABARAPL2,MAP1B,1,0,0,20562859,1,0,1,
P60520,Q00610,GABARAPL2,CLTC,1,0,0,20562859,1,0,1,
P60520,Q13043,GABARAPL2,STK4,1,0,0,20562859,1,0,1,
P60520,Q13188,GABARAPL2,STK3,1,0,0,20562859,1,0,1,
P60520,Q14151,GABARAPL2,SAFB2,1,0,0,20562859,1,0,1,
P60520,Q14677,GABARAPL2,CLINT1,1,0,0,20562859,1,0,1,
P60520,Q15334,GABARAPL2,LLGL1,1,0,0,20562859,1,0,1,
P60520,Q86V97,GABARAPL2,KBTBD6,1,0,0,20562859,1,0,1,
P60520,Q8WUM4,GABARAPL2,PDCD6IP,1,0,0,20562859,1,0,1,
P60520,Q8WWW0,GABARAPL2,RASSF5,1,0,0,20562859,1,0,1,
P60520,Q8WXU2,GABARAPL2,DYX1C1,1,0,0,20562859,1,0,1,
P60520,Q92636,GABARAPL2,NSMAF,1,0,0,20562859,1,0,1,
P60520,Q9UPU7,GABARAPL2,TBC1D2B,1,0,0,20562859,1,0,1,
P60520,Q9Y3P9,GABARAPL2,RABGAP1,1,0,0,20562859,1,0,1,
P60520,P51149,GABARAPL2,RAB7A,1,0,0,17353931,1,0,1,
P60520,O15040,GABARAPL2,TECPR2,1,0,0,20562859,1,0,1,
P60520,P29401,GABARAPL2,TKT,1,0,0,17353931,1,0,1,
P60520,P49368,GABARAPL2,CCT3,1,0,0,20562859,1,0,1,
P60520,P78371,GABARAPL2,CCT2,1,0,0,20562859,1,0,1,
P60520,P78386,GABARAPL2,KRT85,1,0,0,20562859,1,0,1,
P60520,P78527,GABARAPL2,PRKDC,1,0,0,20562859,1,0,1,
P60520,Q13283,GABARAPL2,G3BP1,1,0,0,20562859,1,0,1,
P60520,Q13835,GABARAPL2,PKP1,1,0,0,20562859,1,0,1,
P60520,Q14683,GABARAPL2,SMC1A,1,0,0,20562859,1,0,1,
P60520,Q8NI08,GABARAPL2,NCOA7,1,0,0,20562859,1,0,1,
P60520,Q8TC07,GABARAPL2,TBC1D15,1,0,0,20562859,1,0,1,
P60520,Q96RU3,GABARAPL2,FNBP1,1,0,0,20562859,1,0,1,
P60520,Q99623,GABARAPL2,PHB2,1,0,0,20562859,1,0,1,
P60520,Q99832,GABARAPL2,CCT7,1,0,0,20562859,1,0,1,
P60520,Q9P2R3,GABARAPL2,ANKFY1,1,0,0,20562859,1,0,1,
P60520,Q9Y5Q9,GABARAPL2,GTF3C3,1,0,0,20562859,1,0,1,
P60520,P05089,GABARAPL2,ARG1,1,0,0,20562859,1,0,1,
P60520,P51991,GABARAPL2,HNRNPA3,1,0,0,20562859,1,0,1,
P60520,Q15437,GABARAPL2,SEC23B,1,0,0,20562859,1,0,1,
P60520,P16152,GABARAPL2,CBR1,1,0,0,17353931,1,0,1,
Q13501,Q13043,SQSTM1,STK4,1,1,0,20562859,1,0,1,
Q13501,Q13188,SQSTM1,STK3,1,1,0,20562859,1,0,1,
Q13501,Q9NX00,SQSTM1,TMEM160,1,0,0,20562859,1,0,1,
Q13501,P04083,SQSTM1,ANXA1,1,0,0,20562859,1,0,1,
Q13501,Q9P035,SQSTM1,PTPLAD1,1,0,0,20562859,1,0,1,
Q13501,P19013,SQSTM1,KRT4,1,0,0,20562859,1,0,1,
Q14457,Q5MNZ9,BECN1,WIPI1,1,0,0,20562859,1,1,0,
Q14457,Q676U5,BECN1,ATG16L1,1,0,0,20562859,1,1,0,
Q14457,Q7Z6L1,BECN1,TECPR1,1,0,0,20562859,1,1,0,
Q14457,Q9H1Y0,BECN1,ATG5,1,0,0,20562859,1,1,0,
Q14457,P13807,BECN1,GYS1,1,0,0,20562859,1,0,1,
Q14457,Q14694,BECN1,USP10,1,0,0,20562859,1,0,1,
Q2TAZ0,Q9BXW4,ATG2A,MAP1LC3C,1,0,0,20562859,1,1,0,
Q2TAZ0,Q9GZQ8,ATG2A,MAP1LC3B,1,0,0,20562859,1,1,0,
Q2TAZ0,Q92731,ATG2A,ESR2,1,0,0,21182203,1,0,1,
Q676U5,Q9H0R8,ATG16L1,GABARAPL1,1,0,0,20562859,1,1,0,
Q7Z6L1,Q9BQS8,TECPR1,FYCO1,1,0,0,20562859,1,1,0,
Q8IYT8,Q9BSB4,ULK2,ATG101,1,0,0,20562859,1,1,0,
Q8IYT8,Q9GZQ8,ULK2,MAP1LC3B,1,0,0,20562859,1,1,0,
Q8IYT8,Q9H0R8,ULK2,GABARAPL1,1,0,0,20562859,1,1,0,
Q8IYT8,Q9Y4P8,ULK2,WIPI2,1,0,0,20562859,1,1,0,
P54619,Q8IYT8,PRKAG1,ULK2,1,1,0,20562859,0,1,1,
O43741,Q8IYT8,PRKAB2,ULK2,1,1,0,20562859,0,1,1,
O75147,Q8IYT8,OBSL1,ULK2,1,1,0,20562859,0,1,1,
Q8IYT8,Q13131,ULK2,PRKAA1,1,0,0,20562859,1,0,1,
Q8IYT8,Q16543,ULK2,CDC37,1,0,0,20562859,1,0,1,
Q9UGJ0,Q8IYT8,PRKAG2,ULK2,1,1,0,20562859,0,1,1,
Q8IYT8,P54646,ULK2,PRKAA2,1,0,0,20562859,1,0,1,
Q8NAA4,Q9GZQ8,ATG16L2,MAP1LC3B,1,0,0,20562859,1,1,0,
Q8TDY2,Q9Y4P8,RB1CC1,WIPI2,1,0,0,20562859,1,1,0,
Q8TDY2,P27816,RB1CC1,MAP4,1,0,0,20562859,1,0,1,
Q8WYN0,Q9H492,ATG4A,MAP1LC3A,1,0,0,20562859,1,1,0,
Q92731,Q99570,ESR2,PIK3R4,1,1,0,21182203,0,1,1,
Q9BQS8,Q9BXW4,FYCO1,MAP1LC3C,1,0,0,20562859,1,1,0,
Q9BQS8,Q9H0R8,FYCO1,GABARAPL1,1,0,0,20562859,1,1,0,
Q9BSB4,Q9BXW4,ATG101,MAP1LC3C,1,0,0,20562859,1,1,0,
Q9BSB4,Q9H0R8,ATG101,GABARAPL1,1,0,0,20562859,1,1,0,
Q9BXW4,Q9H0Y0,MAP1LC3C,ATG10,1,0,0,20562859,1,1,0,
Q9BXW4,Q9Y4P1,MAP1LC3C,ATG4B,1,0,0,20562859,1,1,0,
Q9BXW4,O00410,MAP1LC3C,IPO5,1,0,0,20562859,1,0,1,
Q9BXW4,O75323,MAP1LC3C,GBAS,1,0,0,20562859,1,0,1,
Q9BXW4,P10644,MAP1LC3C,PRKAR1A,1,0,0,20562859,1,0,1,
Q9BXW4,P13807,MAP1LC3C,GYS1,1,0,0,20562859,1,0,1,
Q9BXW4,P46934,MAP1LC3C,NEDD4,1,0,0,20562859,1,0,1,
Q9BXW4,P55084,MAP1LC3C,HADHB,1,0,0,20562859,1,0,1,
Q9BXW4,Q13043,MAP1LC3C,STK4,1,0,0,20562859,1,0,1,
Q9BXW4,Q13188,MAP1LC3C,STK3,1,0,0,20562859,1,0,1,
Q9BXW4,Q14151,MAP1LC3C,SAFB2,1,0,0,20562859,1,0,1,
Q9BXW4,Q14677,MAP1LC3C,CLINT1,1,0,0,20562859,1,0,1,
Q9BXW4,Q86V97,MAP1LC3C,KBTBD6,1,0,0,20562859,1,0,1,
Q9BXW4,Q8TD19,MAP1LC3C,NEK9,1,0,0,20562859,1,0,1,
Q9BXW4,Q8WUM4,MAP1LC3C,PDCD6IP,1,0,0,20562859,1,0,1,
Q9BXW4,Q8WVZ9,MAP1LC3C,KBTBD7,1,0,0,20562859,1,0,1,
Q9BXW4,Q8WWW0,MAP1LC3C,RASSF5,1,0,0,20562859,1,0,1,
Q9BXW4,Q8WXU2,MAP1LC3C,DYX1C1,1,0,0,20562859,1,0,1,
Q9BXW4,Q92636,MAP1LC3C,NSMAF,1,0,0,20562859,1,0,1,
Q9BXW4,Q9UPU7,MAP1LC3C,TBC1D2B,1,0,0,20562859,1,0,1,
Q9BXW4,Q9Y3P9,MAP1LC3C,RABGAP1,1,0,0,20562859,1,0,1,
Q9BXW4,O15040,MAP1LC3C,TECPR2,1,0,0,20562859,1,0,1,
Q9BXW4,Q8NI08,MAP1LC3C,NCOA7,1,0,0,20562859,1,0,1,
Q9BXW4,Q8TC07,MAP1LC3C,TBC1D15,1,0,0,20562859,1,0,1,
Q9BXW4,Q96RU3,MAP1LC3C,FNBP1,1,0,0,20562859,1,0,1,
Q9BXW4,Q9GZZ9,MAP1LC3C,UBA5,1,0,0,20562859,1,0,1,
Q9BXW4,Q9P2R3,MAP1LC3C,ANKFY1,1,0,0,20562859,1,0,1,
Q9GZQ8,Q9H0Y0,MAP1LC3B,ATG10,1,0,0,20562859,1,1,0,
Q9GZQ8,O00410,MAP1LC3B,IPO5,1,0,0,20562859,1,0,1,
Q9GZQ8,O95210,MAP1LC3B,STBD1,1,0,0,20562859,1,0,1,
Q9GZQ8,P10644,MAP1LC3B,PRKAR1A,1,0,0,20562859,1,0,1,
Q9GZQ8,P13807,MAP1LC3B,GYS1,1,0,0,20562859,1,0,1,
Q9GZQ8,P46934,MAP1LC3B,NEDD4,1,0,0,20562859,1,0,1,
Q9GZQ8,Q00610,MAP1LC3B,CLTC,1,0,0,20562859,1,0,1,
Q9GZQ8,Q14151,MAP1LC3B,SAFB2,1,0,0,20562859,1,0,1,
Q9GZQ8,Q86V97,MAP1LC3B,KBTBD6,1,0,0,20562859,1,0,1,
Q9GZQ8,Q8TD19,MAP1LC3B,NEK9,1,0,0,20562859,1,0,1,
Q9GZQ8,Q8WXU2,MAP1LC3B,DYX1C1,1,0,0,20562859,1,0,1,
Q9GZQ8,Q92636,MAP1LC3B,NSMAF,1,0,0,20562859,1,0,1,
Q9GZQ8,Q9UPU7,MAP1LC3B,TBC1D2B,1,0,0,20562859,1,0,1,
Q9GZQ8,Q9Y3P9,MAP1LC3B,RABGAP1,1,0,0,20562859,1,0,1,
Q9GZQ8,O15040,MAP1LC3B,TECPR2,1,0,0,20562859,1,0,1,
Q9GZQ8,P38159,MAP1LC3B,RBMX,1,0,0,20562859,1,0,1,
Q9GZQ8,P49368,MAP1LC3B,CCT3,1,0,0,20562859,1,0,1,
Q9GZQ8,P49750,MAP1LC3B,YLPM1,1,0,0,20562859,1,0,1,
Q9GZQ8,P78371,MAP1LC3B,CCT2,1,0,0,20562859,1,0,1,
Q9GZQ8,P78527,MAP1LC3B,PRKDC,1,0,0,20562859,1,0,1,
Q9GZQ8,Q8NI08,MAP1LC3B,NCOA7,1,0,0,20562859,1,0,1,
Q9GZQ8,Q8TC07,MAP1LC3B,TBC1D15,1,0,0,20562859,1,0,1,
Q9GZQ8,Q99623,MAP1LC3B,PHB2,1,0,0,20562859,1,0,1,
Q9GZQ8,Q99832,MAP1LC3B,CCT7,1,0,0,20562859,1,0,1,
Q9GZQ8,Q9GZZ9,MAP1LC3B,UBA5,1,0,0,20562859,1,0,1,
Q9GZQ8,Q9P2R3,MAP1LC3B,ANKFY1,1,0,0,20562859,1,0,1,
Q9GZQ8,P51991,MAP1LC3B,HNRNPA3,1,0,0,20562859,1,0,1,
Q9H0R8,Q9H0Y0,GABARAPL1,ATG10,1,0,0,20562859,1,1,0,
Q9H0R8,Q9H1Y0,GABARAPL1,ATG5,1,0,0,20562859,1,1,0,
Q9H0R8,Q00610,GABARAPL1,CLTC,1,0,0,20562859,1,0,1,
Q9H0R8,Q13043,GABARAPL1,STK4,1,0,0,20562859,1,0,1,
Q9H0R8,Q13188,GABARAPL1,STK3,1,0,0,20562859,1,0,1,
Q9H0R8,Q14151,GABARAPL1,SAFB2,1,0,0,20562859,1,0,1,
Q9H0R8,Q15459,GABARAPL1,SF3A1,1,0,0,20562859,1,0,1,
Q9H0R8,Q8WUM4,GABARAPL1,PDCD6IP,1,0,0,20562859,1,0,1,
Q9H0R8,Q8WWW0,GABARAPL1,RASSF5,1,0,0,20562859,1,0,1,
Q9H0R8,P51149,GABARAPL1,RAB7A,1,0,0,20562859,1,0,1,
Q9H0R8,O15040,GABARAPL1,TECPR2,1,0,0,20562859,1,0,1,
Q9H0R8,P00558,GABARAPL1,PGK1,1,0,0,20562859,1,0,1,
Q9H0R8,P04083,GABARAPL1,ANXA1,1,0,0,20562859,1,0,1,
Q9H0R8,P25685,GABARAPL1,DNAJB1,1,0,0,20562859,1,0,1,
Q9H0R8,P47929,GABARAPL1,LGALS7,1,0,0,20562859,1,0,1,
Q9H0R8,P49368,GABARAPL1,CCT3,1,0,0,20562859,1,0,1,
Q9H0R8,P49750,GABARAPL1,YLPM1,1,0,0,20562859,1,0,1,
Q9H0R8,P78371,GABARAPL1,CCT2,1,0,0,20562859,1,0,1,
Q9H0R8,P78527,GABARAPL1,PRKDC,1,0,0,20562859,1,0,1,
Q9H0R8,Q13283,GABARAPL1,G3BP1,1,0,0,20562859,1,0,1,
Q9H0R8,Q13835,GABARAPL1,PKP1,1,0,0,20562859,1,0,1,
Q9H0R8,Q14257,GABARAPL1,RCN2,1,0,0,20562859,1,0,1,
Q9H0R8,Q16531,GABARAPL1,DDB1,1,0,0,20562859,1,0,1,
Q9H0R8,Q8NI08,GABARAPL1,NCOA7,1,0,0,20562859,1,0,1,
Q9H0R8,Q8TC07,GABARAPL1,TBC1D15,1,0,0,20562859,1,0,1,
Q9H0R8,Q96RU3,GABARAPL1,FNBP1,1,0,0,20562859,1,0,1,
Q9H0R8,Q9GZZ9,GABARAPL1,UBA5,1,0,0,20562859,1,0,1,
Q9H0R8,Q9P035,GABARAPL1,PTPLAD1,1,0,0,20562859,1,0,1,
Q9H0R8,Q9P2R3,GABARAPL1,ANKFY1,1,0,0,20562859,1,0,1,
Q9H0R8,P51991,GABARAPL1,HNRNPA3,1,0,0,20562859,1,0,1,
Q9H0R8,O95487,GABARAPL1,SEC24B,1,0,0,20562859,1,0,1,
Q9H0R8,P02545,GABARAPL1,LMNA,1,0,0,20562859,1,0,1,
Q9H0R8,P19013,GABARAPL1,KRT4,1,0,0,20562859,1,0,1,
Q9H0R8,P49189,GABARAPL1,ALDH9A1,1,0,0,20562859,1,0,1,
Q9H1Y0,P51149,ATG5,RAB7A,1,0,0,17353931,1,0,1,
Q9H1Y0,Q9UQ80,ATG5,PA2G4,1,0,0,17353931,1,0,1,
Q9H492,P46934,MAP1LC3A,NEDD4,1,0,0,20562859,1,0,1,
Q9H492,Q15334,MAP1LC3A,LLGL1,1,0,0,20562859,1,0,1,
Q9H492,Q15459,MAP1LC3A,SF3A1,1,0,0,20562859,1,0,1,
Q9H492,Q8TD19,MAP1LC3A,NEK9,1,0,0,20562859,1,0,1,
Q9H492,P38159,MAP1LC3A,RBMX,1,0,0,20562859,1,0,1,
Q9H492,P49750,MAP1LC3A,YLPM1,1,0,0,20562859,1,0,1,
Q9H492,P78371,MAP1LC3A,CCT2,1,0,0,20562859,1,0,1,
Q9H492,P78527,MAP1LC3A,PRKDC,1,0,0,20562859,1,0,1,
Q9H492,Q12797,MAP1LC3A,ASPH,1,0,0,20562859,1,0,1,
Q9H492,Q15424,MAP1LC3A,SAFB,1,0,0,20562859,1,0,1,
Q9H492,Q99615,MAP1LC3A,DNAJC7,1,0,0,20562859,1,0,1,
Q9H492,Q99832,MAP1LC3A,CCT7,1,0,0,20562859,1,0,1,
Q9H492,Q9P035,MAP1LC3A,PTPLAD1,1,0,0,20562859,1,0,1,
Q9H492,P51991,MAP1LC3A,HNRNPA3,1,0,0,20562859,1,0,1,
Q9H492,O95487,MAP1LC3A,SEC24B,1,0,0,20562859,1,0,1,
Q9H492,P27816,MAP1LC3A,MAP4,1,0,0,20562859,1,0,1,
Q9P2Y5,P13807,UVRAG,GYS1,1,0,0,20562859,1,0,1,
Q9P2Y5,P33176,UVRAG,KIF5B,1,0,0,20562859,1,0,1,
Q2TAZ0,P78386,ATG2A,KRT85,1,0,0,20562859,1,0,1,
P09496,P35222,CLTA,CTNNB1,1,0,0,20195357,0,0,1,
P10644,Q08945,PRKAR1A,SSRP1,1,0,0,20195357,0,0,1,
P46821,Q13188,MAP1B,STK3,1,0,0,24366813:23455922,0,0,1,
Q00610,P03372,CLTC,ESR1,1,0,0,21182205,0,0,1,
Q12800,Q9BZF1,TFCP2,OSBPL8,1,0,0,20195357,0,0,1,
Q13043,P04083,STK4,ANXA1,1,0,0,24366813,0,0,1,
Q13043,Q16543,STK4,CDC37,1,0,0,24366813,0,0,1,
Q13618,Q16543,CUL3,CDC37,1,1,0,22939624,0,0,1,
Q15334,P25685,LLGL1,DNAJB1,1,0,0,24366813,0,0,1,
Q15459,Q92731,SF3A1,ESR2,1,0,0,21182203,0,0,1,
Q92636,P19013,NSMAF,KRT4,1,0,0,20562859,0,0,1,
P03372,P38159,ESR1,RBMX,1,0,0,21182205,0,0,1,
P03372,P47929,ESR1,LGALS7,1,1,0,21182205,0,0,1,
P03372,Q13283,ESR1,G3BP1,1,0,0,21182205,0,0,1,
P03372,Q9P035,ESR1,PTPLAD1,1,0,0,21182205,0,0,1,
P03372,P05089,ESR1,ARG1,1,0,0,21182205:21182203,0,0,1,
P03372,P51991,ESR1,HNRNPA3,1,0,0,21182205,0,0,1,
P03372,P16152,ESR1,CBR1,1,1,0,23576398,0,0,1,
P03372,P50402,ESR1,EMD,1,1,0,21182205,0,0,1,
P35222,Q92731,CTNNB1,ESR2,1,0,0,21182203,0,0,1,
Q8N122,Q13283,RPTOR,G3BP1,1,1,0,23953116,0,0,1,
Q8N122,Q9P2J5,RPTOR,LARS,1,0,0,22424946,0,0,1,
Q92731,O43379,ESR2,WDR62,1,1,0,21182203,0,0,1,
Q92731,P78527,ESR2,PRKDC,1,0,0,21182203,0,0,1,
Q92731,Q14683,ESR2,SMC1A,1,0,0,21182203,0,0,1,
Q92731,Q9P2R3,ESR2,ANKFY1,1,1,0,21182203,0,0,1,
Q92731,Q9Y5Q9,ESR2,GTF3C3,1,1,0,21182203,0,0,1,
Q92731,Q9Y623,ESR2,MYH4,1,0,0,21182203,0,0,1,
Q92731,P36776,ESR2,LONP1,1,0,0,21182203,0,0,1,
Q92731,Q8IX12,ESR2,CCAR1,1,0,0,21182203,0,0,1,
P42345,Q9P2J5,MTOR,LARS,1,0,0,22424946,0,0,1,
Q8N122,P42345,RPTOR,MTOR,1,1,-1,17043309:17461779:18570873:22424946:12150926:15467718:16919458:17604271:19145465:15268862:17386266:17565979:18614546:12408816:15809305:16962653:18519641:19446321:15066126:17599906:18676370:12718876:16603397:17277771:23953116:18030348:12150925:19114562:16847060,0,0,1,
Q8N122,P42345,RPTOR,MTOR,1,1,1,15066126:16962653:17604271:19114562:12718876:16847060:17461779:18570873:23953116:12150926:15467718:17043309:18030348:19145465:15268862:16919458:17565979:18676370:12408816:15809305:17386266:18519641:19446321:17599906:16603397:18614546:17277771:12150925:22424946,0,0,1,
Q07817,Q5MNZ9,BCL2L1,WIPI1,1,1,0,,0,1,1,
Q07817,Q676U5,BCL2L1,ATG16L1,1,1,0,,0,1,1,
Q07817,Q99570,BCL2L1,PIK3R4,1,1,0,,0,1,1,
Q07817,Q9C0C7,BCL2L1,AMBRA1,1,1,0,,0,1,1,
Q07817,Q15334,BCL2L1,LLGL1,1,1,0,,0,0,1,
Q07817,Q9Y484,BCL2L1,WDR45,1,1,0,,0,0,1,
Q07817,Q92636,BCL2L1,NSMAF,1,1,0,,0,0,1,
Q07817,Q9BZH6,BCL2L1,WDR11,1,1,0,,0,0,1,
Q07817,Q8N122,BCL2L1,RPTOR,1,1,0,,0,0,1,
Q07817,O43379,BCL2L1,WDR62,1,1,0,,0,0,1,
Q07817,Q16576,BCL2L1,RBBP7,1,1,0,,0,0,1,
Q07817,P53621,BCL2L1,COPA,1,1,0,,0,0,1,
Q9UHD2,Q5MNZ9,TBK1,WIPI1,1,1,0,,0,1,1,
Q9UHD2,Q676U5,TBK1,ATG16L1,1,1,0,,0,1,1,
Q9UHD2,Q99570,TBK1,PIK3R4,1,1,0,,0,1,1,
Q9UHD2,Q9C0C7,TBK1,AMBRA1,1,1,0,,0,1,1,
Q9UHD2,Q15334,TBK1,LLGL1,1,1,0,,0,0,1,
Q9UHD2,Q9Y484,TBK1,WDR45,1,1,0,,0,0,1,
Q9UHD2,Q92636,TBK1,NSMAF,1,1,0,,0,0,1,
Q9UHD2,Q9BZH6,TBK1,WDR11,1,1,0,,0,0,1,
Q9UHD2,Q8N122,TBK1,RPTOR,1,1,0,,0,0,1,
O14929,Q16576,HAT1,RBBP7,1,0,0,,0,0,1,
O43741,P78527,PRKAB2,PRKDC,1,0,0,20562859,0,0,1,
O43741,Q13131,PRKAB2,PRKAA1,1,1,0,16306228:21988832:20562859:23455922,0,0,1,
O43741,Q9UGJ0,PRKAB2,PRKAG2,1,1,0,20562859,0,0,1,
O75147,Q96RR4,OBSL1,CAMKK2,1,1,0,20562859,0,0,1,
Q9GZZ9,P00558,UBA5,PGK1,1,1,0,20562859,0,0,1,
O43524,P00558,FOXO3,PGK1,1,1,0,20562859,0,0,1,
P04083,P27694,ANXA1,RPA1,1,0,0,,0,0,1,
P04083,Q99832,ANXA1,CCT7,1,0,0,,0,0,1,
P27694,P15927,RPA1,RPA2,1,1,0,11927569:15965237:2159011:12527904,0,0,1,
P15927,P78527,RPA2,PRKDC,1,1,0,,0,0,1,
P15927,P35244,RPA2,RPA3,1,1,0,15965237:10449415:19338310,0,0,1,
Q9GZZ9,P26639,UBA5,TARS,1,1,0,20562859,0,0,1,
P27694,P78527,RPA1,PRKDC,1,1,0,,0,0,1,
P27694,Q9BTY7,RPA1,FAM203A,1,0,0,,0,0,1,
P27694,P35244,RPA1,RPA3,1,1,0,2159011:12527904:11927569:19338310,0,0,1,
P49750,Q93009,YLPM1,USP7,1,0,0,19615732,0,0,1,
P78527,P02545,PRKDC,LMNA,1,0,0,,0,0,1,
P78527,Q13286,PRKDC,CLN3,1,0,0,20562859,0,0,1,
P78527,Q96RR4,PRKDC,CAMKK2,1,1,0,20562859,0,0,1,
Q02790,Q9GZZ9,FKBP4,UBA5,1,0,0,20562859,0,0,1,
Q02790,O43524,FKBP4,FOXO3,1,0,0,20562859,0,0,1,
Q13283,Q13131,G3BP1,PRKAA1,1,1,0,20562859,0,0,1,
Q13131,Q16543,PRKAA1,CDC37,1,0,0,16306228,0,0,1,
Q13131,Q9UQ80,PRKAA1,PA2G4,1,1,0,20562859,0,0,1,
Q13283,Q14694,G3BP1,USP10,1,1,0,19615732,0,0,1,
Q13283,P50402,G3BP1,EMD,1,0,0,,0,0,1,
Q14683,Q96RR4,SMC1A,CAMKK2,1,1,0,20562859,0,0,1,
Q15424,Q16543,SAFB,CDC37,1,0,0,,0,0,1,
Q16543,P50402,CDC37,EMD,1,0,0,,0,0,1,
Q93009,O43524,USP7,FOXO3,1,0,0,,0,0,1,
Q96AX1,Q9P253,VPS33A,VPS18,1,0,0,,0,0,1,
Q99623,Q02241,PHB2,KIF23,1,0,0,,0,0,1,
Q9GZZ9,P13804,UBA5,ETFA,1,0,0,20562859,0,0,1,
Q9GZZ9,P16152,UBA5,CBR1,1,0,0,20562859,0,0,1,
P42166,P02545,TMPO,LMNA,1,1,0,,0,0,1,
P50402,P02545,EMD,LMNA,1,1,0,,0,0,1,
P42166,Q13286,TMPO,CLN3,1,0,0,,0,0,1,
Q02241,Q8IX12,KIF23,CCAR1,1,0,0,,0,0,1,
Q9UQ80,Q9GZZ9,PA2G4,UBA5,1,0,0,,0,0,1,
Q7Z6L1,Q6PCC9,TECPR1,KIAA1012,1,0,0,,1,0,1,
P25685,Q16543,DNAJB1,CDC37,1,0,0,21163940,0,0,1,
P49368,Q9UHD2,CCT3,TBK1,1,0,0,14743216,0,0,1,
P78371,Q9UHD2,CCT2,TBK1,1,0,0,14743216,0,0,1,
Q16531,Q16576,DDB1,RBBP7,1,1,0,23238014,0,0,1,
Q16543,P36776,CDC37,LONP1,1,0,0,21163940,0,0,1,
Q93009,P42166,USP7,TMPO,1,0,0,16713569,0,0,1,
Q96AX1,Q7L1V2,VPS33A,MON1B,1,0,0,20434987,0,0,1,
Q99832,Q9UHD2,CCT7,TBK1,1,0,0,14743216,0,0,1,
Q9P253,Q7L1V2,VPS18,MON1B,1,0,0,20434987,0,0,1,
Q9UHD2,O43379,TBK1,WDR62,1,1,0,,0,0,1,
Q9UHD2,Q16576,TBK1,RBBP7,1,1,0,,0,0,1,
Q9UHD2,P53621,TBK1,COPA,1,1,0,,0,0,1,
P04637,O75385,TP53,ULK1,0,1,0,21475306,0,1,4,
P04637,Q8IYT8,TP53,ULK2,0,1,0,21475306,0,1,4,
O43524,Q6ZNE5,FOXO3,ATG14,0,1,0,22992773,0,1,4,
O15350,O95352,TP73,ATG7,0,1,0,19001857,0,1,4,
O15350,Q9H1Y0,TP73,ATG5,0,1,0,19001857,0,1,4,
O15350,Q9P2Y5,TP73,UVRAG,0,1,-1,19001857,0,1,4,
P17861,Q14457,XBP1,BECN1,0,1,0,23184933,0,1,4,
P18146,Q9GZQ8,EGR1,MAP1LC3B,0,1,0,18830406,0,1,4,
P45983,Q14457,MAPK8,BECN1,0,1,0,19060920,0,1,4,
P45983,Q9GZQ8,MAPK8,MAP1LC3B,0,1,0,21943220,0,1,4,
Q01094,O75385,E2F1,ULK1,0,1,0,18408756,0,1,4,
Q01094,Q9H492,E2F1,MAP1LC3A,0,1,0,18408756,0,1,4,
Q04206,Q14457,RELA,BECN1,0,1,0,19289499,0,1,4,
Q12778,Q6ZNE5,FOXO1,ATG14,0,1,0,22992773,0,1,4,
Q16236,Q13501,NFE2L2,SQSTM1,0,1,0,20452972,0,1,4,
Q9H3D4,O75385,TP63,ULK1,0,1,0,22356768,0,1,4,
Q9H3D4,O95352,TP63,ATG7,0,1,0,22356768,0,1,4,
Q9H3D4,Q14457,TP63,BECN1,0,1,0,22356768,0,1,4,
Q9H3D4,Q7Z3C6,TP63,ATG9A,0,1,0,22356768,0,1,4,
Q9H3D4,Q8WYN0,TP63,ATG4A,0,1,0,22356768,0,1,4,
Q9H3D4,Q9H0Y0,TP63,ATG10,0,1,0,22356768,0,1,4,
Q9H3D4,Q9H1Y0,TP63,ATG5,0,1,0,22356768,0,1,4,
Q9H3D4,Q9NT62,TP63,ATG3,0,1,0,22356768,0,1,4,
P48431,Q9H0Y0,SOX2,ATG10,0,1,0,23451179,0,1,4,
P18848,O75385,ATF4,ULK1,0,1,0,23078367,0,1,4,
P18848,Q9GZQ8,ATF4,MAP1LC3B,0,1,0,20038797,0,1,4,
P18848,Q9H1Y0,ATF4,ATG5,0,1,0,20038797,0,1,4,
P35638,Q9GZQ8,DDIT3,MAP1LC3B,0,1,0,20038797,0,1,4,
P35638,Q9H1Y0,DDIT3,ATG5,0,1,0,20038797,0,1,4,
Q00613,O95352,HSF1,ATG7,0,1,0,23386620,0,1,4,
P19484,Q13501,TFEB,SQSTM1,0,1,0,21617040,0,1,4,
P19484,Q9GZQ8,TFEB,MAP1LC3B,0,1,0,21617040,0,1,4,
P19484,Q9P2Y5,TFEB,UVRAG,0,1,0,21617040,0,1,4,
Q9BRR0,O75385,ZKSCAN3,ULK1,0,1,0,23434374,0,1,4,
Q9BRR0,Q9GZQ8,ZKSCAN3,MAP1LC3B,0,1,0,23434374,0,1,4,
Q9BRR0,Q9Y4P8,ZKSCAN3,WIPI2,0,1,0,23434374,0,1,4,
P15884,Q9GZQ8,TCF4,MAP1LC3B,0,1,0,,0,1,4,
P17676,O95352,CEBPB,ATG7,0,1,0,,0,1,4,
P17676,Q9GZQ8,CEBPB,MAP1LC3B,0,1,0,,0,1,4,
P18847,Q9NT62,ATF3,ATG3,0,1,0,,0,1,4,
P18847,O95166,ATF3,GABARAP,0,1,0,,0,1,4,
P23511,Q9P2Y5,NFYA,UVRAG,0,1,0,,0,1,4,
Q02086,Q9BSB4,SP2,ATG101,0,1,0,,0,1,4,
Q09472,Q9BSB4,EP300,ATG101,0,1,0,,0,1,4,
Q09472,Q9GZQ8,EP300,MAP1LC3B,0,1,0,,0,1,4,
Q09472,Q7Z6L1,EP300,TECPR1,0,1,0,,0,1,4,
P17535,Q9H1Y0,JUND,ATG5,0,1,0,,0,1,4,
Q06413,A6NCE7,MEF2C,MAP1LC3B2,0,1,0,,0,1,4,
P28324,Q9BSB4,ELK4,ATG101,0,1,0,,0,1,4,
P32519,Q9GZQ8,ELF1,MAP1LC3B,0,1,0,,0,1,4,
P32519,Q96DT6,ELF1,ATG4C,0,1,0,,0,1,4,
P49711,Q676U5,CTCF,ATG16L1,0,1,0,,0,1,4,
P49711,Q9BSB4,CTCF,ATG101,0,1,0,,0,1,4,
Q02078,A6NCE7,MEF2A,MAP1LC3B2,0,1,0,,0,1,4,
Q15853,Q9P2Y5,USF2,UVRAG,0,1,0,,0,1,4,
Q15853,Q9NT62,USF2,ATG3,0,1,0,,0,1,4,
Q15853,O95166,USF2,GABARAP,0,1,0,,0,1,4,
Q16520,A6NCE7,BATF,MAP1LC3B2,0,1,0,,0,1,4,
Q9H165,A6NCE7,BCL11A,MAP1LC3B2,0,1,0,,0,1,4,
Q02548,A6NCE7,PAX5,MAP1LC3B2,0,1,0,,0,1,4,
Q99081,A6NCE7,TCF12,MAP1LC3B2,0,1,0,,0,1,4,
O60675,A6NCE7,MAFK,MAP1LC3B2,0,1,0,,0,1,4,
O60675,Q96BY7,MAFK,ATG2B,0,1,0,,0,1,4,
O60675,Q13501,MAFK,SQSTM1,0,1,0,,0,1,4,
P17542,A6NCE7,TAL1,MAP1LC3B2,0,1,0,,0,1,4,
P17542,Q86TL0,TAL1,ATG4D,0,1,0,,0,1,4,
P15976,A6NCE7,GATA1,MAP1LC3B2,0,1,0,,0,1,4,
P15976,Q96DT6,GATA1,ATG4C,0,1,0,,0,1,4,
Q9ULX9,Q96BY7,MAFF,ATG2B,0,1,0,,0,1,4,
P25490,Q9Y4P1,YY1,ATG4B,0,1,0,,0,1,4,
P25490,Q9GZQ8,YY1,MAP1LC3B,0,1,0,,0,1,4,
Q16656,Q9GZQ8,NRF1,MAP1LC3B,0,1,0,,0,1,4,
B3KUT8,Q676U5,B3KUT8,ATG16L1,0,1,0,,0,1,4,
P01100,Q9P2Y5,FOS,UVRAG,0,1,0,,0,1,4,
P25208,Q9P2Y5,NFYB,UVRAG,0,1,0,,0,1,4,
P22415,Q9P2Y5,USF1,UVRAG,0,1,0,,0,1,4,
P22415,Q9NT62,USF1,ATG3,0,1,0,,0,1,4,
P22415,O95166,USF1,GABARAP,0,1,0,,0,1,4,
B7Z5Q0,Q9P2Y5,PBX3,UVRAG,0,1,0,,0,1,4,
P08047,Q9P2Y5,SP1,UVRAG,0,1,0,,0,1,4,
P08047,Q9GZQ8,SP1,MAP1LC3B,0,1,0,,0,1,4,
Q16621,Q9P2Y5,NFE2,UVRAG,0,1,0,,0,1,4,
Q16621,Q9NT62,NFE2,ATG3,0,1,0,,0,1,4,
Q16621,O95166,NFE2,GABARAP,0,1,0,,0,1,4,
P23769,Q9P2Y5,GATA2,UVRAG,0,1,0,,0,1,4,
Q8N196,Q96DT6,SIX5,ATG4C,0,1,0,,0,1,4,
P04150,Q9Y4P1,NR3C1,ATG4B,0,1,0,,0,1,4,
P04150,Q9GZQ8,NR3C1,MAP1LC3B,0,1,0,,0,1,4,
O60583,Q13501,CCNT2,SQSTM1,0,1,0,,0,1,4,
P55317,Q9GZQ8,FOXA1,MAP1LC3B,0,1,0,,0,1,4,
Q9Y261,Q9GZQ8,FOXA2,MAP1LC3B,0,1,0,,0,1,4,
P19793,Q9GZQ8,RXRA,MAP1LC3B,0,1,0,,0,1,4,
Q92754,Q9GZQ8,TFAP2C,MAP1LC3B,0,1,0,,0,1,4,
A8MTU8,Q9GZQ8,A8MTU8,MAP1LC3B,0,1,0,,0,1,4,
B4DPC1,Q9GZQ8,B4DPC1,MAP1LC3B,0,1,0,,0,1,4,
Q96ST3,O95166,SIN3A,GABARAP,0,1,0,,0,1,4,
P03372,O75143,ESR1,ATG13,0,1,0,,0,1,4,
P03372,O75385,ESR1,ULK1,0,1,0,,0,1,4,
P03372,O95352,ESR1,ATG7,0,1,0,,0,1,4,
P03372,Q13501,ESR1,SQSTM1,0,1,0,,0,1,4,
P03372,Q14457,ESR1,BECN1,0,1,0,,0,1,4,
P03372,Q2TAZ0,ESR1,ATG2A,0,1,0,,0,1,4,
P03372,Q6ZNE5,ESR1,ATG14,0,1,0,,0,1,4,
P03372,Q7Z3C6,ESR1,ATG9A,0,1,0,,0,1,4,
P03372,Q7Z6L1,ESR1,TECPR1,0,1,0,,0,1,4,
P03372,Q86TL0,ESR1,ATG4D,0,1,0,,0,1,4,
P03372,Q8IYT8,ESR1,ULK2,0,1,0,,0,1,4,
P03372,Q8NAA4,ESR1,ATG16L2,0,1,0,,0,1,4,
P03372,Q8NEB9,ESR1,PIK3C3,0,1,0,,0,1,4,
P03372,Q96DT6,ESR1,ATG4C,0,1,0,,0,1,4,
P03372,Q9BQS8,ESR1,FYCO1,0,1,0,,0,1,4,
P03372,Q9C0C7,ESR1,AMBRA1,0,1,0,,0,1,4,
P03372,Q9H0Y0,ESR1,ATG10,0,1,0,,0,1,4,
P03372,Q9H1Y0,ESR1,ATG5,0,1,0,,0,1,4,
P03372,Q9H492,ESR1,MAP1LC3A,0,1,0,,0,1,4,
P03372,Q9P2Y5,ESR1,UVRAG,0,1,0,,0,1,4,
P03372,Q9Y4P1,ESR1,ATG4B,0,1,0,,0,1,4,
Q92731,O75143,ESR2,ATG13,0,1,0,,0,1,4,
Q92731,O95352,ESR2,ATG7,0,1,0,,0,1,4,
Q92731,Q676U5,ESR2,ATG16L1,0,1,0,,0,1,4,
Q92731,Q6ZNE5,ESR2,ATG14,0,1,0,,0,1,4,
Q92731,Q7Z6L1,ESR2,TECPR1,0,1,0,,0,1,4,
Q92731,Q8IYT8,ESR2,ULK2,0,1,0,,0,1,4,
Q92731,Q8NAA4,ESR2,ATG16L2,0,1,0,,0,1,4,
Q92731,Q9BQS8,ESR2,FYCO1,0,1,0,,0,1,4,
Q92731,Q9C0C7,ESR2,AMBRA1,0,1,0,,0,1,4,
Q92731,Q9H0Y0,ESR2,ATG10,0,1,0,,0,1,4,
Q92731,Q9P2Y5,ESR2,UVRAG,0,1,0,,0,1,4,
Q92731,Q9Y4P1,ESR2,ATG4B,0,1,0,,0,1,4,
P40424,O95352,PBX1,ATG7,0,1,0,,0,1,4,
P40424,Q6ZNE5,PBX1,ATG14,0,1,0,,0,1,4,
P40424,Q8TDY2,PBX1,RB1CC1,0,1,0,,0,1,4,
P40424,Q96DT6,PBX1,ATG4C,0,1,0,,0,1,4,
P40424,Q9C0C7,PBX1,AMBRA1,0,1,0,,0,1,4,
P40424,Q9H0Y0,PBX1,ATG10,0,1,0,,0,1,4,
P40424,Q9H1Y0,PBX1,ATG5,0,1,0,,0,1,4,
P40424,Q9NT62,PBX1,ATG3,0,1,0,,0,1,4,
P40424,Q9P2Y5,PBX1,UVRAG,0,1,0,,0,1,4,
P40424,Q9Y4P8,PBX1,WIPI2,0,1,0,,0,1,4,
P10589,O75143,NR2F1,ATG13,0,1,0,,0,1,4,
P10589,O95352,NR2F1,ATG7,0,1,0,,0,1,4,
P10589,Q13501,NR2F1,SQSTM1,0,1,0,,0,1,4,
P10589,Q7Z6L1,NR2F1,TECPR1,0,1,0,,0,1,4,
P10589,Q8NAA4,NR2F1,ATG16L2,0,1,0,,0,1,4,
P10589,Q8NEB9,NR2F1,PIK3C3,0,1,0,,0,1,4,
P10589,Q8TDY2,NR2F1,RB1CC1,0,1,0,,0,1,4,
P10589,Q99570,NR2F1,PIK3R4,0,1,0,,0,1,4,
P10589,Q9BQS8,NR2F1,FYCO1,0,1,0,,0,1,4,
P10589,Q9C0C7,NR2F1,AMBRA1,0,1,0,,0,1,4,
P10589,Q9H0Y0,NR2F1,ATG10,0,1,0,,0,1,4,
P10589,Q9NT62,NR2F1,ATG3,0,1,0,,0,1,4,
P10589,Q9P2Y5,NR2F1,UVRAG,0,1,0,,0,1,4,
P10589,Q9Y4P1,NR2F1,ATG4B,0,1,0,,0,1,4,
P10589,Q9Y4P8,NR2F1,WIPI2,0,1,0,,0,1,4,
P10914,O95352,IRF1,ATG7,0,1,0,,0,1,4,
P10914,Q14457,IRF1,BECN1,0,1,0,,0,1,4,
P10914,Q5MNZ9,IRF1,WIPI1,0,1,0,,0,1,4,
P10914,Q676U5,IRF1,ATG16L1,0,1,0,,0,1,4,
P10914,Q6ZNE5,IRF1,ATG14,0,1,0,,0,1,4,
P10914,Q8IYT8,IRF1,ULK2,0,1,0,,0,1,4,
P10914,Q8NEB9,IRF1,PIK3C3,0,1,0,,0,1,4,
P10914,Q8TDY2,IRF1,RB1CC1,0,1,0,,0,1,4,
P10914,Q8WYN0,IRF1,ATG4A,0,1,0,,0,1,4,
P10914,Q96BY7,IRF1,ATG2B,0,1,0,,0,1,4,
P10914,Q96DT6,IRF1,ATG4C,0,1,0,,0,1,4,
P10914,Q99570,IRF1,PIK3R4,0,1,0,,0,1,4,
P10914,Q9C0C7,IRF1,AMBRA1,0,1,0,,0,1,4,
P10914,Q9GZQ8,IRF1,MAP1LC3B,0,1,0,,0,1,4,
P10914,Q9H0Y0,IRF1,ATG10,0,1,0,,0,1,4,
P10914,Q9H1Y0,IRF1,ATG5,0,1,0,,0,1,4,
P10914,Q9P2Y5,IRF1,UVRAG,0,1,0,,0,1,4,
P10914,Q9Y4P1,IRF1,ATG4B,0,1,0,,0,1,4,
P11473,O95352,VDR,ATG7,0,1,0,,0,1,4,
P11473,P60520,VDR,GABARAPL2,0,1,0,,0,1,4,
P11473,Q9C0C7,VDR,AMBRA1,0,1,0,,0,1,4,
P11473,Q9P2Y5,VDR,UVRAG,0,1,0,,0,1,4,
P11831,O95352,SRF,ATG7,0,1,0,,0,1,4,
P11831,Q96BY7,SRF,ATG2B,0,1,0,,0,1,4,
P11831,Q9BQS8,SRF,FYCO1,0,1,0,,0,1,4,
P11831,Q9C0C7,SRF,AMBRA1,0,1,0,,0,1,4,
P11831,Q9H0R8,SRF,GABARAPL1,0,1,0,,0,1,4,
P11831,Q9H0Y0,SRF,ATG10,0,1,0,,0,1,4,
P11831,Q9H1Y0,SRF,ATG5,0,1,0,,0,1,4,
P11831,Q9P2Y5,SRF,UVRAG,0,1,0,,0,1,4,
P14316,O95352,IRF2,ATG7,0,1,0,,0,1,4,
P14316,Q676U5,IRF2,ATG16L1,0,1,0,,0,1,4,
P14316,Q96BY7,IRF2,ATG2B,0,1,0,,0,1,4,
P14316,Q96DT6,IRF2,ATG4C,0,1,0,,0,1,4,
P14316,Q99570,IRF2,PIK3R4,0,1,0,,0,1,4,
P14316,Q9C0C7,IRF2,AMBRA1,0,1,0,,0,1,4,
P14316,Q9H0Y0,IRF2,ATG10,0,1,0,,0,1,4,
P19793,O95352,RXRA,ATG7,0,1,0,,0,1,4,
P19793,Q676U5,RXRA,ATG16L1,0,1,0,,0,1,4,
P19793,Q6ZNE5,RXRA,ATG14,0,1,0,,0,1,4,
P19793,Q7Z6L1,RXRA,TECPR1,0,1,0,,0,1,4,
P19793,Q8IYT8,RXRA,ULK2,0,1,0,,0,1,4,
P19793,Q8TDY2,RXRA,RB1CC1,0,1,0,,0,1,4,
P19793,Q96DT6,RXRA,ATG4C,0,1,0,,0,1,4,
P19793,Q9BQS8,RXRA,FYCO1,0,1,0,,0,1,4,
P19793,Q9H0Y0,RXRA,ATG10,0,1,0,,0,1,4,
P19793,Q9P2Y5,RXRA,UVRAG,0,1,0,,0,1,4,
P19793,Q9Y4P8,RXRA,WIPI2,0,1,0,,0,1,4,
P19838,A6NCE7,NFKB1,MAP1LC3B2,0,1,0,,0,1,4,
P19838,O75385,NFKB1,ULK1,0,1,0,,0,1,4,
P19838,O95352,NFKB1,ATG7,0,1,0,,0,1,4,
P19838,Q13501,NFKB1,SQSTM1,0,1,0,,0,1,4,
P19838,Q2TAZ0,NFKB1,ATG2A,0,1,0,,0,1,4,
P19838,Q7Z6L1,NFKB1,TECPR1,0,1,0,,0,1,4,
P19838,Q8IYT8,NFKB1,ULK2,0,1,0,,0,1,4,
P19838,Q8NAA4,NFKB1,ATG16L2,0,1,0,,0,1,4,
P19838,Q8TDY2,NFKB1,RB1CC1,0,1,0,,0,1,4,
P19838,Q9C0C7,NFKB1,AMBRA1,0,1,0,,0,1,4,
P19838,Q9H0Y0,NFKB1,ATG10,0,1,0,,0,1,4,
P19838,Q9H492,NFKB1,MAP1LC3A,0,1,0,,0,1,4,
P19838,Q9P2Y5,NFKB1,UVRAG,0,1,0,,0,1,4,
P19838,Q9Y4P1,NFKB1,ATG4B,0,1,0,,0,1,4,
P37231,O95352,PPARG,ATG7,0,1,0,,0,1,4,
P37231,Q6ZNE5,PPARG,ATG14,0,1,0,,0,1,4,
P37231,Q7Z6L1,PPARG,TECPR1,0,1,0,,0,1,4,
P37231,Q8IYT8,PPARG,ULK2,0,1,0,,0,1,4,
P37231,Q8TDY2,PPARG,RB1CC1,0,1,0,,0,1,4,
P37231,Q9C0C7,PPARG,AMBRA1,0,1,0,,0,1,4,
P37231,Q9P2Y5,PPARG,UVRAG,0,1,0,,0,1,4,
P42224,O95352,STAT1,ATG7,0,1,0,,0,1,4,
P42224,Q13501,STAT1,SQSTM1,0,1,0,,0,1,4,
P42224,Q14457,STAT1,BECN1,0,1,0,,0,1,4,
P42224,Q676U5,STAT1,ATG16L1,0,1,0,,0,1,4,
P42224,Q6ZNE5,STAT1,ATG14,0,1,0,,0,1,4,
P42224,Q8NAA4,STAT1,ATG16L2,0,1,0,,0,1,4,
P42224,Q8NEB9,STAT1,PIK3C3,0,1,0,,0,1,4,
P42224,Q8TDY2,STAT1,RB1CC1,0,1,0,,0,1,4,
P42224,Q96DT6,STAT1,ATG4C,0,1,0,,0,1,4,
P42224,Q99570,STAT1,PIK3R4,0,1,0,,0,1,4,
P42224,Q9BQS8,STAT1,FYCO1,0,1,0,,0,1,4,
P42224,Q9C0C7,STAT1,AMBRA1,0,1,0,,0,1,4,
P42224,Q9GZQ8,STAT1,MAP1LC3B,0,1,0,,0,1,4,
P42224,Q9H0Y0,STAT1,ATG10,0,1,0,,0,1,4,
P42224,Q9H1Y0,STAT1,ATG5,0,1,0,,0,1,4,
P42224,Q9NT62,STAT1,ATG3,0,1,0,,0,1,4,
P42224,Q9P2Y5,STAT1,UVRAG,0,1,0,,0,1,4,
P55317,O75385,FOXA1,ULK1,0,1,0,,0,1,4,
P55317,O94817,FOXA1,ATG12,0,1,0,,0,1,4,
P55317,O95352,FOXA1,ATG7,0,1,0,,0,1,4,
P55317,Q14457,FOXA1,BECN1,0,1,0,,0,1,4,
P55317,Q5MNZ9,FOXA1,WIPI1,0,1,0,,0,1,4,
P55317,Q6ZNE5,FOXA1,ATG14,0,1,0,,0,1,4,
P55317,Q7Z6L1,FOXA1,TECPR1,0,1,0,,0,1,4,
P55317,Q8IYT8,FOXA1,ULK2,0,1,0,,0,1,4,
P55317,Q8NEB9,FOXA1,PIK3C3,0,1,0,,0,1,4,
P55317,Q8TDY2,FOXA1,RB1CC1,0,1,0,,0,1,4,
P55317,Q8WYN0,FOXA1,ATG4A,0,1,0,,0,1,4,
P55317,Q96BY7,FOXA1,ATG2B,0,1,0,,0,1,4,
P55317,Q96DT6,FOXA1,ATG4C,0,1,0,,0,1,4,
P55317,Q9BQS8,FOXA1,FYCO1,0,1,0,,0,1,4,
P55317,Q9C0C7,FOXA1,AMBRA1,0,1,0,,0,1,4,
P55317,Q9H0R8,FOXA1,GABARAPL1,0,1,0,,0,1,4,
P55317,Q9H0Y0,FOXA1,ATG10,0,1,0,,0,1,4,
P55317,Q9H1Y0,FOXA1,ATG5,0,1,0,,0,1,4,
P55317,Q9NT62,FOXA1,ATG3,0,1,0,,0,1,4,
P55317,Q9P2Y5,FOXA1,UVRAG,0,1,0,,0,1,4,
P55317,Q9Y4P8,FOXA1,WIPI2,0,1,0,,0,1,4,
Q04206,O95352,RELA,ATG7,0,1,0,,0,1,4,
Q04206,Q2TAZ0,RELA,ATG2A,0,1,0,,0,1,4,
Q04206,Q8IYT8,RELA,ULK2,0,1,0,,0,1,4,
Q04206,Q8NEB9,RELA,PIK3C3,0,1,0,,0,1,4,
Q04206,Q8TDY2,RELA,RB1CC1,0,1,0,,0,1,4,
Q04206,Q9C0C7,RELA,AMBRA1,0,1,0,,0,1,4,
Q04206,Q9H0Y0,RELA,ATG10,0,1,0,,0,1,4,
Q04206,Q9NT62,RELA,ATG3,0,1,0,,0,1,4,
Q04206,Q9P2Y5,RELA,UVRAG,0,1,0,,0,1,4,
Q04206,Q9Y4P1,RELA,ATG4B,0,1,0,,0,1,4,
Q16236,O95352,NFE2L2,ATG7,0,1,0,,0,1,4,
Q16236,Q5MNZ9,NFE2L2,WIPI1,0,1,0,,0,1,4,
Q16236,Q6ZNE5,NFE2L2,ATG14,0,1,0,,0,1,4,
Q16236,Q7Z6L1,NFE2L2,TECPR1,0,1,0,,0,1,4,
Q16236,Q8IYT8,NFE2L2,ULK2,0,1,0,,0,1,4,
Q16236,Q8NAA4,NFE2L2,ATG16L2,0,1,0,,0,1,4,
Q16236,Q8NEB9,NFE2L2,PIK3C3,0,1,0,,0,1,4,
Q16236,Q9BQS8,NFE2L2,FYCO1,0,1,0,,0,1,4,
Q16236,Q9H0R8,NFE2L2,GABARAPL1,0,1,0,,0,1,4,
Q16236,Q9H0Y0,NFE2L2,ATG10,0,1,0,,0,1,4,
Q16236,Q9H1Y0,NFE2L2,ATG5,0,1,0,,0,1,4,
Q16236,Q9P2Y5,NFE2L2,UVRAG,0,1,0,,0,1,4,
Q92766,A6NCE7,RREB1,MAP1LC3B2,0,1,0,,0,1,4,
Q92766,O95352,RREB1,ATG7,0,1,0,,0,1,4,
Q92766,Q5MNZ9,RREB1,WIPI1,0,1,0,,0,1,4,
Q92766,Q676U5,RREB1,ATG16L1,0,1,0,,0,1,4,
Q92766,Q6ZNE5,RREB1,ATG14,0,1,0,,0,1,4,
Q92766,Q8IYT8,RREB1,ULK2,0,1,0,,0,1,4,
Q92766,Q8NAA4,RREB1,ATG16L2,0,1,0,,0,1,4,
Q92766,Q8WYN0,RREB1,ATG4A,0,1,0,,0,1,4,
Q92766,Q96DT6,RREB1,ATG4C,0,1,0,,0,1,4,
Q92766,Q99570,RREB1,PIK3R4,0,1,0,,0,1,4,
Q92766,Q9BQS8,RREB1,FYCO1,0,1,0,,0,1,4,
Q92766,Q9BXW4,RREB1,MAP1LC3C,0,1,0,,0,1,4,
Q92766,Q9H0Y0,RREB1,ATG10,0,1,0,,0,1,4,
Q92766,Q9H1Y0,RREB1,ATG5,0,1,0,,0,1,4,
Q92766,Q9P2Y5,RREB1,UVRAG,0,1,0,,0,1,4,
P15923,O75143,TCF3,ATG13,0,1,0,,0,1,4,
P15923,O75385,TCF3,ULK1,0,1,0,,0,1,4,
P15923,O95166,TCF3,GABARAP,0,1,0,,0,1,4,
P15923,O95352,TCF3,ATG7,0,1,0,,0,1,4,
P15923,Q13501,TCF3,SQSTM1,0,1,0,,0,1,4,
P15923,Q2TAZ0,TCF3,ATG2A,0,1,0,,0,1,4,
P15923,Q5MNZ9,TCF3,WIPI1,0,1,0,,0,1,4,
P15923,Q676U5,TCF3,ATG16L1,0,1,0,,0,1,4,
P15923,Q8NEB9,TCF3,PIK3C3,0,1,0,,0,1,4,
P15923,Q8WYN0,TCF3,ATG4A,0,1,0,,0,1,4,
P15923,Q96BY7,TCF3,ATG2B,0,1,0,,0,1,4,
P15923,Q96DT6,TCF3,ATG4C,0,1,0,,0,1,4,
P15923,Q9BSB4,TCF3,ATG101,0,1,0,,0,1,4,
P15923,Q9C0C7,TCF3,AMBRA1,0,1,0,,0,1,4,
P15923,Q9H0Y0,TCF3,ATG10,0,1,0,,0,1,4,
P15923,Q9H1Y0,TCF3,ATG5,0,1,0,,0,1,4,
P15923,Q9NT62,TCF3,ATG3,0,1,0,,0,1,4,
P15923,Q9P2Y5,TCF3,UVRAG,0,1,0,,0,1,4,
P15923,Q9Y4P1,TCF3,ATG4B,0,1,0,,0,1,4,
Q01101,O75143,INSM1,ATG13,0,1,0,,0,1,4,
Q01101,O75385,INSM1,ULK1,0,1,0,,0,1,4,
Q01101,O95352,INSM1,ATG7,0,1,0,,0,1,4,
Q01101,Q2TAZ0,INSM1,ATG2A,0,1,0,,0,1,4,
Q01101,Q676U5,INSM1,ATG16L1,0,1,0,,0,1,4,
Q01101,Q6ZNE5,INSM1,ATG14,0,1,0,,0,1,4,
Q01101,Q7Z6L1,INSM1,TECPR1,0,1,0,,0,1,4,
Q01101,Q8NAA4,INSM1,ATG16L2,0,1,0,,0,1,4,
Q01101,Q9BSB4,INSM1,ATG101,0,1,0,,0,1,4,
Q01101,Q9C0C7,INSM1,AMBRA1,0,1,0,,0,1,4,
Q01101,Q9H0Y0,INSM1,ATG10,0,1,0,,0,1,4,
Q01101,Q9H1Y0,INSM1,ATG5,0,1,0,,0,1,4,
Q01101,Q9P2Y5,INSM1,UVRAG,0,1,0,,0,1,4,
Q01101,Q9Y4P1,INSM1,ATG4B,0,1,0,,0,1,4,
P26367,Q9C0C7,PAX6,AMBRA1,0,1,0,,0,1,4,
P26367,Q9H0Y0,PAX6,ATG10,0,1,0,,0,1,4,
P26367,Q9NT62,PAX6,ATG3,0,1,0,,0,1,4,
P26367,Q9P2Y5,PAX6,UVRAG,0,1,0,,0,1,4,
P28324,O75385,ELK4,ULK1,0,1,0,,0,1,4,
P28324,O95352,ELK4,ATG7,0,1,0,,0,1,4,
P28324,P60520,ELK4,GABARAPL2,0,1,0,,0,1,4,
P28324,Q8NEB9,ELK4,PIK3C3,0,1,0,,0,1,4,
P28324,Q96BY7,ELK4,ATG2B,0,1,0,,0,1,4,
P28324,Q9C0C7,ELK4,AMBRA1,0,1,0,,0,1,4,
P28324,Q9P2Y5,ELK4,UVRAG,0,1,0,,0,1,4,
P28347,O75143,TEAD1,ATG13,0,1,0,,0,1,4,
P28347,O95352,TEAD1,ATG7,0,1,0,,0,1,4,
P28347,Q13501,TEAD1,SQSTM1,0,1,0,,0,1,4,
P28347,Q5MNZ9,TEAD1,WIPI1,0,1,0,,0,1,4,
P28347,Q676U5,TEAD1,ATG16L1,0,1,0,,0,1,4,
P28347,Q6ZNE5,TEAD1,ATG14,0,1,0,,0,1,4,
P28347,Q8NAA4,TEAD1,ATG16L2,0,1,0,,0,1,4,
P28347,Q8TDY2,TEAD1,RB1CC1,0,1,0,,0,1,4,
P28347,Q8WYN0,TEAD1,ATG4A,0,1,0,,0,1,4,
P28347,Q99570,TEAD1,PIK3R4,0,1,0,,0,1,4,
P28347,Q9C0C7,TEAD1,AMBRA1,0,1,0,,0,1,4,
P28347,Q9H0Y0,TEAD1,ATG10,0,1,0,,0,1,4,
P28347,Q9P2Y5,TEAD1,UVRAG,0,1,0,,0,1,4,
P28347,Q9Y4P1,TEAD1,ATG4B,0,1,0,,0,1,4,
P49711,O94817,CTCF,ATG12,0,1,0,,0,1,4,
P49711,Q2TAZ0,CTCF,ATG2A,0,1,0,,0,1,4,
P49711,Q5MNZ9,CTCF,WIPI1,0,1,0,,0,1,4,
P49711,Q7Z6L1,CTCF,TECPR1,0,1,0,,0,1,4,
P49711,Q8NAA4,CTCF,ATG16L2,0,1,0,,0,1,4,
P49711,Q8NEB9,CTCF,PIK3C3,0,1,0,,0,1,4,
P49711,Q96DT6,CTCF,ATG4C,0,1,0,,0,1,4,
P49711,Q9BQS8,CTCF,FYCO1,0,1,0,,0,1,4,
P49711,Q9BXW4,CTCF,MAP1LC3C,0,1,0,,0,1,4,
P49711,Q9C0C7,CTCF,AMBRA1,0,1,0,,0,1,4,
P49711,Q9H0Y0,CTCF,ATG10,0,1,0,,0,1,4,
P49711,Q9H1Y0,CTCF,ATG5,0,1,0,,0,1,4,
P49711,Q9NT62,CTCF,ATG3,0,1,0,,0,1,4,
P49711,Q9P2Y5,CTCF,UVRAG,0,1,0,,0,1,4,
Q02575,O75143,NHLH1,ATG13,0,1,0,,0,1,4,
Q02575,O75385,NHLH1,ULK1,0,1,0,,0,1,4,
Q02575,O95352,NHLH1,ATG7,0,1,0,,0,1,4,
Q02575,Q13501,NHLH1,SQSTM1,0,1,0,,0,1,4,
Q02575,Q2TAZ0,NHLH1,ATG2A,0,1,0,,0,1,4,
Q02575,Q5MNZ9,NHLH1,WIPI1,0,1,0,,0,1,4,
Q02575,Q676U5,NHLH1,ATG16L1,0,1,0,,0,1,4,
Q02575,Q7Z3C6,NHLH1,ATG9A,0,1,0,,0,1,4,
Q02575,Q7Z6L1,NHLH1,TECPR1,0,1,0,,0,1,4,
Q02575,Q8IYT8,NHLH1,ULK2,0,1,0,,0,1,4,
Q02575,Q8NAA4,NHLH1,ATG16L2,0,1,0,,0,1,4,
Q02575,Q8NEB9,NHLH1,PIK3C3,0,1,0,,0,1,4,
Q02575,Q9BQS8,NHLH1,FYCO1,0,1,0,,0,1,4,
Q02575,Q9C0C7,NHLH1,AMBRA1,0,1,0,,0,1,4,
Q02575,Q9P2Y5,NHLH1,UVRAG,0,1,0,,0,1,4,
Q02575,Q9Y4P1,NHLH1,ATG4B,0,1,0,,0,1,4,
Q12947,O94817,FOXF2,ATG12,0,1,0,,0,1,4,
Q12947,O95352,FOXF2,ATG7,0,1,0,,0,1,4,
Q12947,Q2TAZ0,FOXF2,ATG2A,0,1,0,,0,1,4,
Q12947,Q8TDY2,FOXF2,RB1CC1,0,1,0,,0,1,4,
Q12947,Q8WYN0,FOXF2,ATG4A,0,1,0,,0,1,4,
Q12947,Q96BY7,FOXF2,ATG2B,0,1,0,,0,1,4,
Q12947,Q96DT6,FOXF2,ATG4C,0,1,0,,0,1,4,
Q12947,Q99570,FOXF2,PIK3R4,0,1,0,,0,1,4,
Q12947,Q9C0C7,FOXF2,AMBRA1,0,1,0,,0,1,4,
Q12947,Q9H0Y0,FOXF2,ATG10,0,1,0,,0,1,4,
Q12947,Q9P2Y5,FOXF2,UVRAG,0,1,0,,0,1,4,
Q12947,Q9Y4P8,FOXF2,WIPI2,0,1,0,,0,1,4,
Q16534,Q8NEB9,HLF,PIK3C3,0,1,0,,0,1,4,
Q16534,Q8TDY2,HLF,RB1CC1,0,1,0,,0,1,4,
Q16534,Q9NT62,HLF,ATG3,0,1,0,,0,1,4,
Q6DJT9,O75385,PLAG1,ULK1,0,1,0,,0,1,4,
Q6DJT9,O94817,PLAG1,ATG12,0,1,0,,0,1,4,
Q6DJT9,O95352,PLAG1,ATG7,0,1,0,,0,1,4,
Q6DJT9,Q2TAZ0,PLAG1,ATG2A,0,1,0,,0,1,4,
Q6DJT9,Q5MNZ9,PLAG1,WIPI1,0,1,0,,0,1,4,
Q6DJT9,Q676U5,PLAG1,ATG16L1,0,1,0,,0,1,4,
Q6DJT9,Q7Z6L1,PLAG1,TECPR1,0,1,0,,0,1,4,
Q6DJT9,Q9BQS8,PLAG1,FYCO1,0,1,0,,0,1,4,
Q6DJT9,Q9H492,PLAG1,MAP1LC3A,0,1,0,,0,1,4,
Q6DJT9,Q9P2Y5,PLAG1,UVRAG,0,1,0,,0,1,4,
Q6DJT9,Q9Y4P8,PLAG1,WIPI2,0,1,0,,0,1,4,
Q9BQA5,O95352,HINFP,ATG7,0,1,0,,0,1,4,
Q12951,A6NCE7,FOXI1,MAP1LC3B2,0,1,0,,0,1,4,
Q12951,O95352,FOXI1,ATG7,0,1,0,,0,1,4,
Q12951,Q5MNZ9,FOXI1,WIPI1,0,1,0,,0,1,4,
Q12951,Q8NEB9,FOXI1,PIK3C3,0,1,0,,0,1,4,
Q12951,Q8TDY2,FOXI1,RB1CC1,0,1,0,,0,1,4,
Q12951,Q96BY7,FOXI1,ATG2B,0,1,0,,0,1,4,
Q12951,Q96DT6,FOXI1,ATG4C,0,1,0,,0,1,4,
Q12951,Q99570,FOXI1,PIK3R4,0,1,0,,0,1,4,
Q12951,Q9H0Y0,FOXI1,ATG10,0,1,0,,0,1,4,
Q12951,Q9H1Y0,FOXI1,ATG5,0,1,0,,0,1,4,
Q12951,Q9P2Y5,FOXI1,UVRAG,0,1,0,,0,1,4,
Q12951,Q9Y4P1,FOXI1,ATG4B,0,1,0,,0,1,4,
Q6LBK7,O75385,c-myc,ULK1,0,1,0,,0,1,4,
Q6LBK7,O95352,c-myc,ATG7,0,1,0,,0,1,4,
Q6LBK7,Q13501,c-myc,SQSTM1,0,1,0,,0,1,4,
Q6LBK7,Q9H0Y0,c-myc,ATG10,0,1,0,,0,1,4,
Q6LBK7,Q9H1Y0,c-myc,ATG5,0,1,0,,0,1,4,
Q6LBK7,Q9P2Y5,c-myc,UVRAG,0,1,0,,0,1,4,
Q9BZD1,O95352,Q9BZD1,ATG7,0,1,0,,0,1,4,
Q9BZD1,Q676U5,Q9BZD1,ATG16L1,0,1,0,,0,1,4,
Q9BZD1,Q6ZNE5,Q9BZD1,ATG14,0,1,0,,0,1,4,
Q9BZD1,Q7Z6L1,Q9BZD1,TECPR1,0,1,0,,0,1,4,
Q9BZD1,Q8IYT8,Q9BZD1,ULK2,0,1,0,,0,1,4,
Q9BZD1,Q8TDY2,Q9BZD1,RB1CC1,0,1,0,,0,1,4,
Q9BZD1,Q9BQS8,Q9BZD1,FYCO1,0,1,0,,0,1,4,
Q9BZD1,Q9C0C7,Q9BZD1,AMBRA1,0,1,0,,0,1,4,
P03372,Q5MNZ9,ESR1,WIPI1,0,1,0,,0,1,4,
P03372,Q96BY7,ESR1,ATG2B,0,1,0,,0,1,4,
P10275,A6NCE7,AR,MAP1LC3B2,0,1,0,,0,1,4,
P10275,O75143,AR,ATG13,0,1,0,,0,1,4,
P10275,O95352,AR,ATG7,0,1,0,,0,1,4,
P10275,Q13501,AR,SQSTM1,0,1,0,,0,1,4,
P10275,Q6ZNE5,AR,ATG14,0,1,0,,0,1,4,
P10275,Q8NEB9,AR,PIK3C3,0,1,0,,0,1,4,
P10275,Q9BQS8,AR,FYCO1,0,1,0,,0,1,4,
P10275,Q9C0C7,AR,AMBRA1,0,1,0,,0,1,4,
P10275,Q9GZQ8,AR,MAP1LC3B,0,1,0,,0,1,4,
P10275,Q9H1Y0,AR,ATG5,0,1,0,,0,1,4,
P10275,Q9NT62,AR,ATG3,0,1,0,,0,1,4,
P10275,Q9Y4P1,AR,ATG4B,0,1,0,,0,1,4,
O75469,Q96DT6,NR1I2,ATG4C,0,1,0,,0,1,4,
P01106,Q13501,MYC,SQSTM1,0,1,0,,0,1,4,
P01106,Q8NEB9,MYC,PIK3C3,0,1,0,,0,1,4,
P14921,A6NCE7,ETS1,MAP1LC3B2,0,1,0,,0,1,4,
P14921,O75143,ETS1,ATG13,0,1,0,,0,1,4,
P14921,O94817,ETS1,ATG12,0,1,0,,0,1,4,
P14921,O95166,ETS1,GABARAP,0,1,0,,0,1,4,
P14921,O95352,ETS1,ATG7,0,1,0,,0,1,4,
P14921,P60520,ETS1,GABARAPL2,0,1,0,,0,1,4,
P14921,Q14457,ETS1,BECN1,0,1,0,,0,1,4,
P14921,Q2TAZ0,ETS1,ATG2A,0,1,0,,0,1,4,
P14921,Q5MNZ9,ETS1,WIPI1,0,1,0,,0,1,4,
P14921,Q676U5,ETS1,ATG16L1,0,1,0,,0,1,4,
P14921,Q6ZNE5,ETS1,ATG14,0,1,0,,0,1,4,
P14921,Q7Z6L1,ETS1,TECPR1,0,1,0,,0,1,4,
P14921,Q86TL0,ETS1,ATG4D,0,1,0,,0,1,4,
P14921,Q8IYT8,ETS1,ULK2,0,1,0,,0,1,4,
P14921,Q8NAA4,ETS1,ATG16L2,0,1,0,,0,1,4,
P14921,Q8NEB9,ETS1,PIK3C3,0,1,0,,0,1,4,
P14921,Q8TDY2,ETS1,RB1CC1,0,1,0,,0,1,4,
P14921,Q8WYN0,ETS1,ATG4A,0,1,0,,0,1,4,
P14921,Q96BY7,ETS1,ATG2B,0,1,0,,0,1,4,
P14921,Q96DT6,ETS1,ATG4C,0,1,0,,0,1,4,
P14921,Q99570,ETS1,PIK3R4,0,1,0,,0,1,4,
P14921,Q9BQS8,ETS1,FYCO1,0,1,0,,0,1,4,
P14921,Q9BSB4,ETS1,ATG101,0,1,0,,0,1,4,
P14921,Q9C0C7,ETS1,AMBRA1,0,1,0,,0,1,4,
P14921,Q9GZQ8,ETS1,MAP1LC3B,0,1,0,,0,1,4,
P14921,Q9H0R8,ETS1,GABARAPL1,0,1,0,,0,1,4,
P14921,Q9H0Y0,ETS1,ATG10,0,1,0,,0,1,4,
P14921,Q9H1Y0,ETS1,ATG5,0,1,0,,0,1,4,
P14921,Q9P2Y5,ETS1,UVRAG,0,1,0,,0,1,4,
P14921,Q9Y4P1,ETS1,ATG4B,0,1,0,,0,1,4,
P14921,Q9Y4P8,ETS1,WIPI2,0,1,0,,0,1,4,
P67809,O95166,YBX1,GABARAP,0,1,0,,0,1,4,
P67809,Q8TDY2,YBX1,RB1CC1,0,1,0,,0,1,4,
P67809,Q96DT6,YBX1,ATG4C,0,1,0,,0,1,4,
P67809,Q9BXW4,YBX1,MAP1LC3C,0,1,0,,0,1,4,
P67809,Q9C0C7,YBX1,AMBRA1,0,1,0,,0,1,4,
P67809,Q9Y4P8,YBX1,WIPI2,0,1,0,,0,1,4,
Q16665,Q7Z3C6,HIF1A,ATG9A,0,1,0,,0,1,4,
Q16665,Q96BY7,HIF1A,ATG2B,0,1,0,,0,1,4,
Q16665,Q9Y4P1,HIF1A,ATG4B,0,1,0,,0,1,4,
Q92754,O95352,TFAP2C,ATG7,0,1,0,,0,1,4,
Q92754,Q13501,TFAP2C,SQSTM1,0,1,0,,0,1,4,
Q92754,Q676U5,TFAP2C,ATG16L1,0,1,0,,0,1,4,
Q9BZS1,A6NCE7,FOXP3,MAP1LC3B2,0,1,0,,0,1,4,
Q9BZS1,O94817,FOXP3,ATG12,0,1,0,,0,1,4,
Q9BZS1,Q2TAZ0,FOXP3,ATG2A,0,1,0,,0,1,4,
Q9BZS1,Q5MNZ9,FOXP3,WIPI1,0,1,0,,0,1,4,
Q9BZS1,Q676U5,FOXP3,ATG16L1,0,1,0,,0,1,4,
Q9BZS1,Q6ZNE5,FOXP3,ATG14,0,1,0,,0,1,4,
Q9BZS1,Q8NEB9,FOXP3,PIK3C3,0,1,0,,0,1,4,
Q9BZS1,Q9BQS8,FOXP3,FYCO1,0,1,0,,0,1,4,
Q9BZS1,Q9C0C7,FOXP3,AMBRA1,0,1,0,,0,1,4,
Q9BZS1,Q9GZQ8,FOXP3,MAP1LC3B,0,1,0,,0,1,4,
Q9BZS1,Q9H0Y0,FOXP3,ATG10,0,1,0,,0,1,4,
Q9BZS1,Q9H1Y0,FOXP3,ATG5,0,1,0,,0,1,4,
Q9BZS1,Q9P2Y5,FOXP3,UVRAG,0,1,0,,0,1,4,
P23771,Q5MNZ9,GATA3,WIPI1,0,1,0,,0,1,4,
P23771,Q6ZNE5,GATA3,ATG14,0,1,0,,0,1,4,
P23771,Q8WYN0,GATA3,ATG4A,0,1,0,,0,1,4,
P23771,Q99570,GATA3,PIK3R4,0,1,0,,0,1,4,
P23771,Q9P2Y5,GATA3,UVRAG,0,1,0,,0,1,4,
P04198,Q9P2Y5,MYCN,UVRAG,0,1,0,,0,1,4,
P15976,Q13501,GATA1,SQSTM1,0,1,0,,0,1,4,
P15976,Q6ZNE5,GATA1,ATG14,0,1,0,,0,1,4,
P15976,Q86TL0,GATA1,ATG4D,0,1,0,,0,1,4,
P15976,Q8NAA4,GATA1,ATG16L2,0,1,0,,0,1,4,
P15976,Q9C0C7,GATA1,AMBRA1,0,1,0,,0,1,4,
P23769,A6NCE7,GATA2,MAP1LC3B2,0,1,0,,0,1,4,
P23769,O95352,GATA2,ATG7,0,1,0,,0,1,4,
P23769,Q13501,GATA2,SQSTM1,0,1,0,,0,1,4,
P23769,Q5MNZ9,GATA2,WIPI1,0,1,0,,0,1,4,
P23769,Q676U5,GATA2,ATG16L1,0,1,0,,0,1,4,
P23769,Q6ZNE5,GATA2,ATG14,0,1,0,,0,1,4,
P23769,Q7Z6L1,GATA2,TECPR1,0,1,0,,0,1,4,
P23769,Q86TL0,GATA2,ATG4D,0,1,0,,0,1,4,
P23769,Q8NAA4,GATA2,ATG16L2,0,1,0,,0,1,4,
P23769,Q8TDY2,GATA2,RB1CC1,0,1,0,,0,1,4,
P23769,Q96DT6,GATA2,ATG4C,0,1,0,,0,1,4,
P23769,Q9BXW4,GATA2,MAP1LC3C,0,1,0,,0,1,4,
P23769,Q9C0C7,GATA2,AMBRA1,0,1,0,,0,1,4,
P23769,Q9H0Y0,GATA2,ATG10,0,1,0,,0,1,4,
P23769,Q9H1Y0,GATA2,ATG5,0,1,0,,0,1,4,
Q16254,Q2TAZ0,E2F4,ATG2A,0,1,0,,0,1,4,
Q16254,Q7Z3C6,E2F4,ATG9A,0,1,0,,0,1,4,
Q16254,Q8IYT8,E2F4,ULK2,0,1,0,,0,1,4,
Q16254,Q99570,E2F4,PIK3R4,0,1,0,,0,1,4,
Q16254,Q9BQS8,E2F4,FYCO1,0,1,0,,0,1,4,
Q9GZV8,Q8TDY2,PRDM14,RB1CC1,0,1,0,,0,1,4,
Q9GZV8,Q9C0C7,PRDM14,AMBRA1,0,1,0,,0,1,4,
P04637,Q8TDY2,TP53,RB1CC1,0,1,0,,0,1,4,
P08047,Q8TDY2,SP1,RB1CC1,0,1,0,,0,1,4,
P15336,Q8TDY2,ATF2,RB1CC1,0,1,0,,0,1,4,
Q01094,Q8TDY2,E2F1,RB1CC1,0,1,0,,0,1,4,
Q13127,P60520,REST,GABARAPL2,0,1,0,,0,1,4,
O14978,O95166,ZNF263,GABARAP,0,1,0,,0,1,4,
P42224,Q5MNZ9,STAT1,WIPI1,0,1,0,,0,1,4,
Q16665,Q8IYT8,HIF1A,ULK2,0,1,0,,0,1,4,
Q16665,Q9H492,HIF1A,MAP1LC3A,0,1,0,,0,1,4,
Q01196,Q676U5,RUNX1,ATG16L1,0,1,0,,0,1,4,
P17542,Q96DT6,TAL1,ATG4C,0,1,0,,0,1,4,
O14867,Q13501,BACH1,SQSTM1,0,1,0,,0,1,4,
